Name,Rating,Would Take Again (%),Difficulty,Department
Michael Nolan,2.9,34,3.9,English
Gary Young,4.9,98,2.1,French
Mike Deroche,3.5,70,2.7,Religious Studies
Lindsay Cahill,4.8,96,1.7,Chemistry
Blair Winsor,2.4,34,3.8,Business
John Sandlos,4.0,100,3.0,History
Daniel Peretti,3.8,76,2.7,Folklore
Kristen Hynes,4.2,77,2.9,Social Work
Maxine Paul,3.6,57,3.5,Social Work
Tracy Sullivan,3.6,84,3.3,Social Work
Stewart Lawrence,4.8,100,2.2,History
June Kirkland-Smith,5.0,100,3.2,Social Work
Daniela Silvesan,4.0,90,3.1,Mathematics
Yvonne Hann,3.8,55,2.7,English
Camilla Stoodley,3.9,48,3.2,Languages
Andrew Loman,4.2,82,2.9,English
Sue Walling,4.1,50,2.8,Psychology
Evan Edinger,2.0,18,4.0,Biology
Stephanie Curnoe,2.7,36,3.2,Physics
Thumeera Wanasinghe,4.7,91,3.6,Engineering
Serhii Koval,1.5,0,4.6,Mathematics
Ed Miller,2.0,34,4.7,Biology
Lyle Wetsch,2.0,15,4.3,Business
Daniel Banoub,4.8,98,1.3,Geography
Mohsin Jamil,3.2,58,3.0,Engineering
Ashraf Khan,4.3,85,2.3,Engineering
Rylo Ashmore,2.4,34,4.6,Computer Science
Michelle Earle,2.1,0,4.0,Nursing
Charlene Lomholt-Mortenson,4.5,100,2.6,Nursing
Todd Karnas,2.2,14,4.1,English
Helene Staveley,2.7,25,3.7,English
Jeremy Citrome,4.2,77,2.8,English
Barbara Thistle,4.4,100,2.3,Languages
Carol Peterson,3.1,34,3.5,Psychology
Sean Cadigan,3.4,22,3.3,History
Adam Brown,4.7,92,2.4,Psychology
Halia Koo,4.9,100,2.0,French
Anne Graham,2.8,45,3.3,French
Joel Deshaye,4.1,80,2.9,English
Stephanie Blandford,4.7,92,1.9,Psychology
Elahe Nezhadhossein,1.6,20,2.2,Sociology
Maureen Scheidnes,2.5,50,3.9,Linguistics
Julia Polyck-O'Neill,5.0,100,1.0,English
Mark Hebert,4.4,94,2.5,Psychology
David Hallett,4.5,89,2.6,English
Elizabeth Austin,4.2,95,2.9,Mathematics
Laura Fallon,4.7,94,2.0,Psychology
Myriam Osorio,2.9,25,3.6,Spanish
Heath Matheson,2.6,28,3.3,Psychology
David Hancock,4.0,73,2.8,Kinesiology
Sarah Thorne,4.8,100,2.6,Communication Studies
Mark Herbert,4.3,94,2.8,Psychology
Nami Ohara,3.3,67,3.2,Linguistics
Keif Godbout-Kinney,5.0,100,1.7,Sociology
Anand Yethiraj,4.1,70,2.7,Physics
John Jerrett,4.7,100,1.7,Physics
Shayan Morshedi,3.6,63,2.3,Sociology
Keith Power,4.7,84,3.2,Education
Karen Hattenhauer,3.2,58,3.5,Chemistry
Jennifer Rowe,4.2,65,2.8,English
Kirby Shannahan,3.5,70,3.5,Business
Elsa Cardoso-Bihlo,2.9,54,3.3,Mathematics
Todd Andrews,3.9,39,3.0,Physics
James LeBlanc,3.9,78,2.9,Physics
Yashar Tavakoli,2.0,30,3.7,Computer Science
Kevin Power,4.5,92,2.5,Kinesiology
Ruth Mu,2.0,20,4.3,Gender Studies
Kathryn Prowse,5.0,100,1.5,English
Daniel Bennett,2.0,0,3.0,Business
Pranjal Patra,2.9,50,3.8,Computer Science
Christine Clouston,3.9,77,2.8,Business
Linda Cohen,4.3,84,2.2,Sociology
Ed Kavanagh,4.1,73,3.0,English
Peter Trnka,3.7,63,3.6,Philosophy
Oscar Moro,4.6,94,2.6,Archaeology
Paul Snelgrove,2.8,29,2.7,Biology
Kate Lahey,4.5,84,2.0,Gender Studies
Shannon Hoff,3.9,70,3.4,Philosophy
Beth Ann Austin,4.1,75,2.5,Mathematics
Sean Grey,4.2,80,3.6,Law & Society
Danielle Hamel,5.0,100,2.3,Music
Ibukunoluwa Fowowe,3.0,50,3.0,Social Work
Shannon Sullivan,4.2,85,3.0,Mathematics
Piotr Trela,2.5,36,3.6,Biology
Erika Merschrod,2.5,56,3.7,Chemistry
Roger House,4.6,96,1.9,French
Stephen LeDrew,4.1,75,2.4,Sociology
Peter (yuyue) Song,2.7,55,3.4,Business
Alyson Byrne,4.5,87,2.9,Business
Isobel Keefe,3.8,59,2.3,Social Work
Neal Willcott,4.8,100,2.9,Business
Ario Seto,3.8,67,2.3,Anthropology
Dawn Bignell,4.8,100,3.3,Biology
Cecile Badenhorst,5.0,100,2.4,Education
Elizabeth Diegor,3.0,50,3.0,Science
Maximilian Viatori,3.0,100,2.0,Anthropology
Afework Solomon,3.6,70,3.2,Mathematics
Seamus O'Neill,4.5,72,2.6,Philosophy
Kate Carson,1.5,16,4.2,Biology
Patrick Gagnon,3.8,0,2.8,Biology
Katie Wadden,2.0,15,3.4,Kinesiology
Heather Reader,2.8,53,2.9,Chemistry
Kari Sawden,3.2,50,3.0,Folklore
Catherine Deboer,4.1,84,3.4,Social Work
Chiao-chi Chen Chen,3.7,67,2.3,Sociology
Carolyn Colbert,4.4,87,3.1,English
Cheryll Fitzpatrick,4.0,76,3.0,Psychology
Amanda Bittner,3.8,67,3.2,Political Science
Amgad Hussein,3.5,37,3.2,Engineering
Vaughan Grimes,3.2,40,3.0,Archaeology
Marie-Simone Raad,4.8,100,2.1,French
Douglas Vaughan,4.6,100,1.9,Music
Babajide Fowowe,2.3,34,3.3,Economics
Samantha Payne,3.0,100,4.5,Chemistry
Leanne Lane,4.4,48,2.3,Social Science
Kurt Korneski,4.1,74,2.8,History
Jennifer Porter,4.2,62,2.4,Religious Studies
Lucas Sawatzky,4.8,100,3.3,German
Kathleen Gordon,2.9,64,3.2,Anthropology
Blair Long,3.1,100,3.6,Economics
Derek Messacar,4.8,100,2.3,Economics
Sean Penney,4.5,88,2.5,French
Jeannette Byrne,5.0,100,2.0,Nursing
Steph McIntyre,4.5,89,2.9,Computer Science
Gina Snooks,2.5,0,3.5,Gender Studies
George Mann,2.5,35,3.5,Engineering
Nancy Pedri,3.5,50,3.8,English
Syed Raza,2.0,24,3.5,Economics
Kunasekaran Nirmalkanna,3.4,64,2.7,Mathematics
Ashley Power,1.8,0,4.5,Business
Karl Jobst,3.0,50,3.4,Chemistry
Carlos Bazan,3.7,67,2.7,Engineering
Jacqueline Bartlett,2.7,42,3.8,Business
Suzana Fong,1.0,0,5.0,Linguistics
Stephen Gardner,2.2,34,3.1,Philosophy
Mandy Penney,4.3,72,3.3,Social Work
Youlian Tzenov,4.9,100,2.1,Biology
Christopher McCulloch,2.3,15,3.6,English
Lance Callahan,4.3,84,3.0,English
Russell Williams,4.0,50,2.5,Political Science
Tom Clift,3.6,83,3.0,Business
Parinaz Salari,5.0,100,1.0,Chemistry
Yiqiang Zhou,3.9,89,2.9,Mathematics
Francesca Kerton,4.2,93,2.5,Chemistry
Dimitri Panagos,3.1,37,3.2,Political Science
Adrienne Peters,2.6,34,4.0,Sociology
Belal Al-Khamaiseh,4.2,80,2.4,Mathematics
Valerie Booth,3.6,87,3.0,Biochemistry
Sunil Pansare,3.1,37,3.7,Chemistry
Baafour Nyantekyi-Kwakye,4.0,78,3.9,Engineering
Pavan Kakumani,1.4,15,4.4,Biology
Pauline Downer,2.9,29,3.5,Business
John Hoskins,3.6,49,3.2,English
Davoud Ghahremanlou,4.0,73,3.4,Business
Khalid Helal,3.4,80,3.0,Engineering
Brian Cugelman,3.7,67,3.0,Business
John Craighead,4.4,81,2.7,Mathematics
Kim Cullen,3.7,75,3.0,Accounting
Steven Denyszyn,2.0,50,3.3,Earth Science
Craig Cramm,3.0,55,2.6,Philosophy
Sebastien Rossignol,4.0,70,3.0,History
Amrah Pirzada,3.6,0,2.8,Medicine
Nader Wans,4.4,95,2.4,Business
Mark Berry,4.2,95,3.1,Biochemistry
Scott Harding,3.6,74,2.7,Biochemistry
David Tucker,3.3,75,2.5,Business
Sheldon Huelin,4.4,90,2.0,Science
Christopher Lockett,3.8,65,3.2,English
Wei Qiu,1.8,18,4.7,Engineering
Elizabeth Schwartz,2.9,47,3.3,Political Science
Jamie Drover,4.5,100,2.2,Psychology
Sarah Gordon,3.8,71,2.7,Folklore
Neil Kennedy,4.7,93,2.9,History
Sam Nakhla,3.2,42,3.2,Engineering
Mariya Lesiv,4.7,94,2.6,Folklore
Oscar Meruvia-Pastor,3.1,50,2.7,Computer Science
Lesley James,3.0,67,2.6,Engineering
Pa Sheehan,5.0,100,3.0,Linguistics
Cory Thorne,3.4,60,3.5,Folklore
Jeanette Byrne,4.9,98,2.4,Kinesiology
Jason Crawford,3.5,60,3.0,Physics
Kyle Pushkarenko,2.4,34,3.7,Kinesiology
Scott Kenney,4.0,72,2.6,Sociology
Mary Furey,2.8,36,2.9,Business
Lucian Ashworth,4.7,100,2.3,Political Science
Sarah Martin,3.7,67,3.1,Political Science
Bradley Clissold,3.4,34,3.3,English
Robert Ormsby,4.4,85,2.9,English
Agnes Juhasz-Ormsby,4.9,100,1.8,English
John Geck,4.8,100,2.0,English
William Schipper,3.1,64,2.4,English
Echo Pittman,3.9,80,3.1,English
Denyse Lynde,1.2,5,4.2,English
Matthew Hamilton,1.8,20,5.0,Computer Science
Vinicius Prado da Fonseca,4.7,94,2.7,Computer Science
Tarun Sheel,2.3,32,3.8,Mathematics
Elizabeth Schwaiger,3.5,50,2.5,German
Kwamina Abekah-Carter,5.0,100,4.0,Social Work
Fred Murphy,3.0,60,2.6,English
Yuan Yuan,2.0,22,3.8,Mathematics
Huck Grover,3.7,73,4.2,Chemistry
Yuming Zhao,3.2,58,3.6,Chemistry
Vernon Regehr,3.0,0,3.4,Music
Mark Hatcher,4.7,93,2.0,Computer Science
Michael Jackman,4.7,92,3.1,Gender Studies
Adrian Fiech,1.9,20,4.0,Computer Science
Gladdale Huebert,2.1,38,4.5,English
Kaiyang Liu,4.3,75,3.0,Computer Science
Chris Kozak,3.9,85,3.1,Chemistry
Graham Bodwell,3.7,70,3.7,Chemistry
Yvan Rose,4.3,80,3.2,Linguistics
Deping Ye,4.1,80,3.0,Mathematics
Elsie Colbourne,4.1,80,3.8,Education
Beth Barbour-Wetzel,2.2,34,3.5,Business
Daniel Kudla,4.0,79,3.1,Sociology
Shawn Pendergast,3.3,60,3.3,Engineering
Festus Ajayi,3.7,67,2.3,Business
Ting Zou,3.0,50,3.5,Engineering
Barry Power,4.7,94,2.7,Chemistry
Brenda Lefrancois,3.0,25,4.2,Social Work
Angela Loucks-Atkinson,4.9,100,1.9,Physical Education
Chun-Hua Ou,3.1,48,2.8,Mathematics
Jennifer Collins,1.0,,5.0,Nursing
Martha Wells,3.2,30,3.3,English
Hong Wang,2.4,13,3.6,Mathematics
Lori Oates,2.4,25,4.3,Sociology
Ashli Soumastre,4.8,97,2.8,French
Helen Patey,2.7,19,3.0,English
Bruce Sheppard,4.4,85,2.1,French
Jillian Gould,3.8,80,2.4,Folklore
Katherine Morton,4.7,87,2.0,Sociology
Inanc Kurtuldu,4.0,50,2.5,French
Tim Jones,2.8,38,3.6,Business
Vlastimil Masek,2.1,67,3.2,Engineering
Annalise Smith,1.0,0,5.0,Music
Lucinda Bearns,3.7,67,2.3,English
Janna Rosales,3.0,80,2.6,Engineering
Melanie Coughlin,1.8,20,3.6,Religion
Susan Walling,4.1,72,2.6,Psychology
Siu O'Young,2.1,25,3.6,Engineering
Jeffrey van den Scott,4.9,98,2.3,History
Danny Summers,2.9,46,3.4,Mathematics
Terrence Tricco,4.6,84,2.6,Computer Science
Alexander Bihlo,4.4,85,3.1,Mathematics
Haiyan Yang,2.7,37,3.5,Mathematics
Shane O'Dea,3.9,20,3.9,English
Julissa Roncal,1.5,11,4.3,Biology
Joerg Evermann,1.9,21,4.3,Business
Alex Shestopaloff,3.1,56,2.8,Mathematics
Alison Coffin,3.5,34,3.3,Economics
Mehmet Caman,4.4,90,2.6,Political Science
Lynn Morrissey,4.6,90,2.9,Business
Sarah Arnott,4.0,100,2.8,Business
Robert Bertolo,2.6,27,3.5,Science
Mark Scott,4.9,100,1.9,Linguistics
Natasha Farrell,4.1,82,2.6,French
Jeremy Mitchell,3.7,67,3.2,Biology
Cathal O'Neill,5.0,100,1.4,Linguistics
Christina Thorpe,3.2,48,3.4,Psychology
Jen Selby,4.6,100,2.8,Religious Studies
Paul Issahaku,3.8,88,2.3,Social Work
Jay Henderson,4.7,86,1.4,Computer Science
Renee Randell,4.3,80,1.5,Chemistry
Kelly Totten,3.5,50,2.8,Folklore
Carrie Matthews,3.5,50,2.5,Social Work
Jennifer Slade,1.7,22,3.8,Biology
Arthur Sullivan,3.6,75,3.4,Philosophy
Bentotage De Silva,4.7,97,1.6,Engineering
Caroline Koenig,4.2,90,2.3,Engineering
Fred Andersen,4.2,84,2.7,Social Work
Kathleen Hourihan,4.8,100,2.3,Psychology
Tim Seifert,2.5,25,3.6,Education
Glyn George,4.3,91,3.1,Engineering
Carolynn Walsh,4.5,100,2.3,Psychology
Mykhaylo Evstigneev,3.8,75,4.1,Physics
Sean Boyle,5.0,100,3.0,Biology
Reza Shahidi,2.0,0,2.5,Computer Science
Thelma Coley,4.3,84,3.0,Education
Tarun Kumar Sheel,2.1,28,3.8,Mathematics
Karen Hauttenhaur,3.5,54,3.4,Science
Russell Alan Williams,3.7,65,3.0,Political Science
Yorck Sommerhäuser,5.0,100,3.0,Mathematics
Luc Beaulieu,3.3,40,3.5,Physics
Christina Doonan,3.2,56,3.4,Political Science
Bruce Mann,1.3,0,4.3,Education
Noah Fleming,4.0,100,3.0,Computer Science
Alfie Davies,5.0,100,1.0,Mathematics
Obasango Oyedele,1.3,0,3.7,Sociology
Sarah Martin,4.4,82,2.4,French
Antonina Kolokolova,4.3,83,2.7,Computer Science
Khaled Helal,5.0,100,3.0,Engineering
Dan Dyer,4.2,86,3.3,Mathematics
Graham Cox,3.8,73,3.6,Mathematics
Jonathan Anderson,2.6,37,4.3,Engineering
Robert Pozeg,3.3,50,3.8,Education
Gavin Murphy,4.5,92,2.4,English
Mikhail Kotchetov,3.7,66,3.7,Mathematics
Nan Zheng,4.0,77,2.1,Mathematics
Glenys Moran,5.0,100,1.5,Nursing
Javier Santander,4.0,82,3.5,Oceanography
Ali Pazahr,2.3,34,3.7,Engineering
Kelly Shorlin,4.2,87,3.1,Physics
Joel Finnis,4.0,77,2.6,Geography
Jeffery Howard,4.9,100,1.8,Classics
Hamid Usefi,2.2,27,3.8,Mathematics
Andrea Stapleton,4.4,87,3.0,Business
Andrew Kim,4.6,95,1.9,Business
Andrew Lang,4.5,91,3.0,Biology
Annie Mercier,3.5,67,2.6,Oceanography
Charles Mather,4.6,100,2.2,Geography
Rochelle Cote,2.2,25,3.8,Sociology
Helene Volkoff,3.9,70,2.4,Biology
Karen Hattenhaur,3.5,64,3.2,Chemistry
Kathy de Jong,4.7,91,2.1,Social Work
Amy Sheppard,4.2,100,2.0,Political Science
Eric Vander Wal,4.4,80,2.6,Biology
Kurt Gamperl,2.0,0,4.0,Oceanography
Iman Nosoohi,5.0,100,2.0,Business
Jeff Webb,4.2,80,2.8,History
Krysta Fitzpatrick,4.9,95,1.6,English
Michael Kirkpatrick,4.5,86,3.1,History
Paula Kelly,2.2,15,3.5,Nursing
Philippe Belley,3.9,72,3.0,Earth Science
Dmytro Popovych,1.2,0,4.0,Mathematics
Lizhi Liao,5.0,100,1.5,Computer Science
Kelly Butler,3.1,64,3.2,Archaeology
Louise Harris,3.8,80,2.8,Business
Nikita Lyssenko,2.8,34,3.3,Economics
David Gill,5.0,100,3.0,Education
Radha Gupta,1.9,13,4.1,Computer Science
Alireza Moghaddam,1.0,0,3.0,Education
Ronald Haynes,4.9,100,2.9,Mathematics
Sue Ziegler,2.8,40,4.4,Earth Science
Todd Barron,2.7,43,3.6,Police Studies
Aley Waterman,4.5,85,2.3,English
David Reynolds,2.7,37,3.3,English
Lev Tarasov,1.7,20,4.3,Physics
Holly Everett,4.3,88,2.3,Folklore
kimberly phillips,5.0,100,1.0,Sociology
Phillipe Basabose,3.9,70,2.6,French
Karine Abadie,2.5,39,3.9,French
Obasanjo Oyedele,2.8,50,3.0,Sociology
Amanda Langille,5.0,100,2.2,Earth Science
Kathy Simonsen,4.5,84,2.6,Classics
Majid Eghbali-Zarch,2.8,41,3.3,Business
Sherrie Komiak,2.9,53,3.0,Business
Morgan Locke,4.6,90,2.4,Classics
Amin Etminan,3.3,67,3.3,Engineering
Erin McGowan,4.0,100,3.0,Kinesiology
Xianta Jiang,4.0,74,3.3,Computer Science
Laura Pacheco,5.0,100,1.7,Social Work
Roxanne Preston,2.4,34,3.5,Business
Roselyne Okech,2.4,40,3.5,Tourism Management
Trevor Pomeroy,4.6,80,3.4,Religious Studies
Hafez Seliem,5.0,100,3.0,Computer Science
Angelika Thomas,2.7,19,3.9,French
Jakub Martinec,2.5,45,2.9,Music
John Hanchar,2.7,58,2.3,Earth Science
Josph Daraio,4.8,100,1.7,Engineering
Patricia Dold,3.8,78,2.8,Religion
Alec Brookes,3.3,42,2.6,Russian
Luke Beranek,3.9,62,3.7,Earth Science
Daria Boltokova,4.0,100,3.8,Anthropology
Blaire Dube,5.0,100,2.0,Psychology
Dominique Bregent-Heald,4.0,84,2.5,History
Sherine Khattab,4.5,92,2.2,Economics
Tyson Davis,3.4,62,1.9,Mathematics
Pavan Kakumani,1.5,0,4.5,Biochemistry
Michael J. O'Brien,4.3,72,2.4,History
David Wilson,4.2,75,3.2,Psychology
Tracy Penney,4.5,88,2.9,Education
Sarah Pickett,2.0,0,4.0,Education
Scott Kernaghan,3.8,0,2.0,Psychology
Eric Tenkorang,3.2,26,3.4,Sociology
Peggy Coady,3.3,26,3.2,Business
Cynthia Boyd,4.7,97,1.9,Folklore
Duane Button,2.8,34,3.5,Kinesiology
Donald Gamble,2.1,23,3.9,French
Heloise Therien-Aubin,4.8,92,2.3,Chemistry
Bishakha Mazumdar,2.5,50,3.5,Business
John Stadelmayer,5.0,100,2.5,Political Science
Darcy Hallett,3.5,64,2.9,Psychology
Valerie Legge,2.3,4,4.0,English
Dee Belbin,5.0,100,1.0,Nursing
Mike Hayley,4.2,25,2.4,Science
Hamed Nasiri,5.0,100,2.9,Engineering
Kelly Hawboldt,2.8,0,3.3,Engineering
Victoria Skanes,5.0,100,2.0,English
Michelle Rebidoux,4.4,87,2.6,Religious Studies
Felix Ayesu,4.8,100,2.0,Psychology
Melanie Doyle,3.8,65,3.4,English
Kwabena Bediako,2.5,0,3.5,Economics
Margarita Kondratieva,4.1,84,2.4,Mathematics
Iakov Afanassiev,3.6,100,2.6,Physics
Cindy Whitten,3.3,52,3.2,Criminology
Jeffrey Howard,4.9,100,1.6,Classics
Jean Lauzier,1.0,0,5.0,Economics
Francis Bambico,3.9,71,2.6,Psychology
Judy Cumby,3.6,64,3.1,Business
Todd Wareham,4.4,89,2.4,Computer Science
Rex Clark,3.5,25,3.0,Anthropology
Jaro Stacul,4.3,100,3.2,Anthropology
Emily Fawcett,5.0,100,1.0,Psychology
Alfred Whiffen,3.5,100,3.7,Business
Paul De Decker,3.0,32,2.9,Linguistics
James Langer,4.3,85,2.8,English
Kevin Pope,4.1,100,2.0,Engineering
Sara MacKenzie,4.7,100,2.7,Languages
Allison Graves,3.9,75,2.3,English
Jared Hogan,4.5,84,1.8,Archaeology
Kodjo Attikpoe,3.6,70,2.8,French
Tiber Reardon,4.7,92,1.9,Chemistry
Carissa Brown,4.4,60,2.4,Geography
Alice Faisal,5.0,100,1.8,Engineering
Jennifer. N Rowe-Pretty,4.8,67,2.2,English
Judith Adler,3.2,42,2.9,Social Science
Brian Staveley,4.0,62,3.2,Science
Jenina MacGillivray,3.6,64,2.6,Philosophy
Carol-Lynne D'Arcangelis,3.5,50,3.3,Gender Studies
Sharon Trenholm,1.6,11,3.6,Police Studies
Shanti Ulfsbjorninn,4.5,100,2.5,English
Jennifer Jewer,3.5,67,3.0,Business
Travis Fridgen,4.3,89,3.1,Chemistry
Alison Malcolm,5.0,100,3.3,Earth Science
Eric Thiessen,3.5,50,4.0,Earth Science
Rakesh Negi,3.0,50,3.0,Business
Jane Gosine,4.4,34,2.9,Music
Lawrence Bruce-Robertson,5.0,100,2.0,Philosophy
Dale Kirby,5.0,100,3.5,Education
Maria Mayr,4.7,100,2.9,German
Barry Hanlon,3.2,48,3.6,English
Sean McGrath,3.5,29,3.0,Philosophy
Barry Stephenson,4.5,91,2.9,Religious Studies
Pouya Morshedi,3.4,58,3.2,Sociology
Jennifer Densmore,3.1,47,3.1,Nursing
Deanne Smith,4.2,100,2.2,Kinesiology
Jan Buley,4.8,100,1.3,Education
Milo Nikolic,4.5,93,2.1,Classics
Mario Blaser,2.4,28,3.4,Archaeology
Susan Dintoe,5.0,100,1.5,Education
Sohrab Zendehboudi,4.5,92,2.8,Engineering
Robert Brown,3.3,61,3.9,Biochemistry
Joel Hynes,4.7,93,1.5,English
John Mitton,4.9,100,2.6,Political Science
Rocky Taylor,3.4,61,4.2,Engineering
Darrell Budgell,3.1,0,3.2,Chemistry
Anne Thareau,3.9,75,3.4,Languages
Mohamed Madiou,4.9,100,2.9,English
Xuemei LI,1.9,40,4.2,Education
James Baker,3.6,50,2.6,Sociology
Ebrahim Karami,4.3,92,2.6,Engineering
Stephen Czarnuch,4.0,100,2.8,Engineering
Joshua Barrett,1.6,25,3.4,Geography
Darron Kelly,1.7,34,3.0,Education
Navid Esfahani,1.2,5,4.9,Computer Science
Vernon Curran,5.0,100,2.7,Education
Geoffrey Canham,5.0,100,1.0,Chemistry
Catherine Penny,1.9,0,4.2,Psychology
D Lynde,2.2,15,3.6,English
Alex Marland,4.0,44,2.9,Political Science
Edward Brown,2.2,26,3.9,Computer Science
Ryan Murphy,4.0,58,3.4,Business
Dwayne Avery,4.2,89,2.5,Communication Studies
Christopher Forbes,3.7,67,3.3,Business
John Suvak,2.6,29,4.0,Mathematics
Jennifer Dyer,3.8,74,2.6,English
Jahrul Alam,3.9,67,2.5,Mathematics
Mark Scott,5.0,100,1.8,Psychology
Yuri Bahturin,2.1,25,4.1,Mathematics
Jacqueline Bartlett,1.0,0,5.0,Business
David Buley,1.7,12,3.1,Music
Annette Staveley,4.1,72,2.8,English
Dean Bavington,4.7,91,1.8,Geography
Peter Whitridge,3.8,86,2.4,Anthropology
Chansoo Park,3.9,64,3.0,Business
David Churchill,4.3,78,3.3,Computer Science
Arpana Rani Datta,5.0,100,2.4,Engineering
Judah Adeniyi,5.0,100,1.7,Business
Scott Matthews,2.5,29,3.5,Political Science
Angela Carter,3.4,67,2.5,Political Science
Scott Worsfold,5.0,100,2.6,Law amp Society
Doug Smith,2.8,50,2.5,Engineering
Lourdes Peña-Castillo,3.7,73,3.2,Computer Science
Brian Peach,3.3,75,3.1,Engineering
Lauren Power,1.9,22,4.4,English
Tao Cheng,3.6,80,3.0,Earth Science
Justin Fantauzzo,4.3,85,3.5,History
Aaron O'Brien,3.9,79,2.8,Philosophy
Lori Oates,3.6,60,3.0,Political Science
Sherri Christian,3.4,67,3.4,Biochemistry
Cheryl Mallard,3.8,75,3.8,Social Work
Jay Foster,4.1,65,2.4,Philosophy
Emmanuel Haven,3.7,67,3.0,Business
Orland Hoeber,3.8,0,3.0,Computer Science
Jane Stockman,2.0,25,4.1,Chemistry
Fabien Basset,2.1,15,4.1,Physical Ed
Andrew Jesso,3.6,82,2.9,Mathematics
Tom Baird,2.8,42,3.5,Mathematics
Caighlan Smith,5.0,100,1.8,English
Zhaozhi Fan,3.9,50,3.7,Mathematics
Armin Hatefi,4.7,100,2.2,Mathematics
Mike Doyle,3.4,36,3.0,Economics
Paul Moffett,3.9,66,2.9,English
Jacqueline Blundell,4.0,65,3.3,Psychology
Jie Xiao,3.3,100,3.0,Mathematics
Joe Wroblewski,4.5,100,1.8,Science
Iain McGaw,3.6,67,3.1,Biology
Candemir Cigsar,4.5,100,1.8,Mathematics
Ashlyn Swift-Gallant,2.5,34,4.2,Psychology
Rebecca Roberts,5.0,100,1.5,English
Matthew Rise,4.8,100,2.5,Biology
Peter Wang,1.7,0,3.7,Medicine
Thomas Chapman,4.3,75,2.8,Biology
Christina Bottaro,3.1,80,3.0,Physics
Yolanda Wiersma,3.7,50,2.8,Biology
Mario Canas Montoliu,5.0,100,1.9,Spanish
Paul Ledger,3.7,67,3.0,Archaeology
Duncan McIlroy,4.1,67,2.8,Earth Science
Ruth Hickey,2.0,0,3.0,Business
Sukhinder Cheema,3.4,65,3.4,Biochemistry
Stordy Mary,4.8,100,3.0,Education
Lynn Gambin,3.5,71,3.1,Economics
Stefan Wallin,1.9,15,4.6,Physics
Sandrine Jean,4.3,100,2.0,Anthropology
Ross Elliott,3.3,34,3.7,Education
Jon Butler,5.0,100,3.0,Business
Jeff Pittman,4.7,100,1.9,Business
Kelley Totten,4.5,84,2.5,Folklore
Lucas Heath,5.0,100,2.6,Biology
Scott Maclachlan,2.5,47,3.5,Mathematics
Carl Thomas,4.9,100,1.9,Business
Dave Reynolds,2.6,37,3.6,English
Katie Fortune,5.0,100,1.7,Women's Studies
Michelle Porter,5.0,100,2.0,English
Shelley Neville,3.1,34,2.6,Music
Shadi Mahdavi,1.0,0,2.0,Business
Scott Eaton,5.0,100,3.0,History
C Thorne,4.2,92,2.7,Folklore
Vicki Hallett,4.1,78,3.3,Gender Studies
Carolina Tyltelman,3.2,58,2.7,Anthropology
Ashley Crane,5.0,100,3.0,Nursing
Kimberly Jarvis,0.0,,0.0,Nursing
August Carbonella,4.1,100,2.2,Anthropology
Greg Pearcey,5.0,100,2.0,Kinesiology
Saeed Tasouji Hassanpour,5.0,100,3.3,Business
Auchib Reza,5.0,100,2.0,Engineering
Kam Hon Chu,2.1,33,3.9,Economics
Bradley Dart,5.0,100,3.0,Economics
Collin Campbell,4.1,88,3.1,English
Kyle Smith,3.5,70,3.5,Engineering
Awah Mfossi Sidjeck,2.0,29,4.4,French
Walter Okshevsky,2.2,20,4.2,Elementary Education
Joel Madore,4.0,69,3.0,Philosophy
Suma Rajiva,4.2,80,2.3,Philosophy
Craig Purchase,2.2,0,4.1,Biology
James Yang,1.9,20,3.3,Engineering
Dawn Marshall,3.8,65,2.8,Biology
Krista King,3.2,40,3.6,Nursing
Ian Gibson,2.5,100,2.5,English
Renee Crossman,3.9,63,3.7,Nursing
Peggy Rauman,3.0,67,2.7,Nursing
Phil Branigan,3.7,100,3.5,Linguistics
Rod Stringer,2.0,37,3.7,Education
Kaylee Rideout,5.0,100,1.0,English
Kathleen Stevens,4.0,73,2.5,Nursing
Alexander Stewart,4.0,67,2.2,Business
Carol Sullivan,5.0,100,1.7,Business
Robynn Arnold,2.5,43,3.7,Law & Society
Ivan Saika-Voivod,3.1,43,3.2,Physics
Eranga Fernando,3.1,54,3.3,Engineering
Tang Jian,1.4,0,4.7,Computer Science
Jian Tang,3.2,60,3.0,Computer Science
Jared Howell,1.9,8,3.9,Mathematics
Matthew Janes,4.6,100,2.8,Languages
Josh Lepawsky,3.7,73,2.8,Geography
Ahmed Elruby,4.6,92,2.9,Engineering
Ibrahim Al-Nahhal,5.0,100,1.0,Engineering
Connie Morrison,4.9,100,2.3,Education
Jane Leibel,3.7,100,3.0,Music
Virginia Harger-Grinling,3.2,57,3.2,Languages
Robyn Arnold,2.7,38,3.0,Law & Society
Jessica Nugent,3.5,75,3.3,Business
Talia Stockmann,3.5,84,3.0,Chemistry
Tianshuang Han,1.0,0,4.0,Psychology
Jennifer Howard,2.0,67,3.7,Nursing
Robert Luther,5.0,100,1.0,Mathematics
Katrina Thorarinson,3.7,67,2.8,English
Lorne Sulsky,2.7,18,4.0,Business
Javad Kamyabi,1.0,0,4.0,Engineering
Stephanie Dohey,3.4,69,3.0,English
Maria Manzanares,2.2,34,3.0,Spanish
Raelene Lee,2.1,7,3.4,Business
Erin Oldford,2.8,38,4.0,Business
Martin Day,4.4,100,2.4,Psychology
Dufour Suzanne,4.3,92,2.8,Biology
Simone Cominelli,5.0,100,2.0,Geography
Jeanette Wheeler,4.0,100,3.0,Biology
Dr. A Sharan,1.3,50,2.8,Engineering
Janet Brunton,3.0,67,3.3,Biochemistry
T.A. Loeffler,4.4,84,2.2,Physical Ed
Andrea Barron,4.5,50,2.4,Nursing
Sara Evans,3.9,67,3.0,Nursing
Jill Bruneau,4.3,67,1.3,Nursing
Terry Murphy,3.6,37,3.3,Social Science
Thomas Halford,4.6,95,2.5,English
Luke Roman,3.9,100,2.0,Classics
Heather Dicks,5.0,100,1.4,Sociology
Valerie Power,5.0,100,2.7,Biology
Yildiz Yilmaz,4.5,75,3.8,Mathematics
Christopher Lougheed,4.3,67,2.3,Classics
Cherise Ragoonath,5.0,100,1.0,English
Noori Saady,4.7,94,2.8,Engineering
Lucinda Austin,3.8,77,3.2,Not Specified
Ginger KE,3.1,62,3.4,Business
Pierre-Olivier Bouchard,4.4,90,2.4,French
Kathryn Hargan,3.0,50,4.0,Biology
Kapil Tahlan,2.0,20,4.6,Chemical Engineering
Paula Rodgers,5.0,100,1.0,Social Work
Janet Andrews,2.0,0,1.0,Education
Maria Rodriguez,2.8,23,2.9,Languages
Clark Ross,3.4,67,2.8,Music
Carolina Tytelman,3.1,38,2.6,Spanish
Stephen Piercey,4.9,100,2.7,Earth Science
Ian Jones,4.6,100,2.3,Biology
Ruth Lawrence,5.0,100,1.0,English
Christian Ches,1.0,0,4.0,Geography
George Miminis,2.1,19,4.1,Computer Science
Danine Farquharson,4.4,100,3.2,English
Sarah Moore,4.0,42,2.5,Folklore
Sharene Bungay,4.1,89,2.9,Computer Science
Nahid Masoudi,4.5,84,2.6,Economics
Daniel Murray,5.0,100,2.0,Religious Studies
Jan Wallin,2.0,0,4.0,Physics
Andrew Kerr,4.4,89,2.9,Earth Science
Christopher Smith,3.4,64,3.8,Social Work
Amy Spendik,1.1,0,4.0,Sociology
Gil Shalev,2.5,28,3.1,Philosophy
Lori Hogan,5.0,100,2.3,Engineering
Kelly Doyle,4.8,100,1.9,English
Ling Wu,1.0,0,5.0,Mathematics
Pat Wells,1.0,0,5.0,Education
Todd Baron,5.0,100,2.0,Criminology
Mandy Rowsell,4.0,76,3.0,English
Bipul Hawlader,3.0,60,3.8,Engineering
Alison Leitch,2.9,0,3.7,Earth Science
Sharon Deemer,4.2,100,3.3,Earth Science
Dennis Mulcahy,4.4,84,2.1,Education
Eduardo Martinez-Pedroza,3.0,50,3.7,Mathematics
Isabell Woelfel,3.9,73,3.2,German
Frankie Tu,5.0,100,3.0,Computer Science
Stephen Anthony,4.9,100,2.6,Computer Science
Christopher Deacon,2.3,54,3.8,Science
J.C Loredo-Osti,1.3,6,4.7,Mathematics
Josee Dumas,2.9,24,2.4,Business
Robin Burry,3.0,50,3.5,Nursing
Walter Okshevsk,2.2,0,4.3,Education
Lihong Zhang,2.2,25,3.3,Engineering
Ivan Savic,1.9,13,3.9,Political Science
Ashrafee Hossain,2.6,48,3.7,Business
Sarah Power,3.7,67,3.7,Engineering
Sarah Perry,5.0,100,3.5,Linguistics
Bonnie Simmons,4.5,93,2.6,Business
Kiera Galway,3.3,50,4.0,Education
Ulises Garcia-Figueroa,2.0,0,2.0,Spanish
Tariq Iqbal,4.1,87,3.5,Engineering
Barry Gaulton,4.4,100,2.5,Anthropology
Kevin Solez,4.5,86,2.4,Classics
Veronique Forbes,4.4,79,2.6,Archaeology
Adam Beardsworth,4.1,100,2.7,English
Julia Temple-Newhook,4.1,75,2.8,Gender Studies
Amrita Ghosh,4.3,87,2.9,Biology
Kismat Ghimire,5.0,100,3.0,Mathematics
Chris Callahan,4.1,75,2.6,Mathematics
Brent Snook,4.7,89,1.9,Psychology
Allan Anstey,2.1,29,4.4,Nursing
Tim Fletcher,4.1,100,1.5,Kinesiology
Shahrazad Malek,3.8,70,3.3,Physics
Donald Haynes,2.0,0,1.0,Education
Dr. Elizabeth Sanli,5.0,100,3.0,Kinesiology
Rafiqul Chowdhury,3.3,100,3.0,Mathematics
Christine Arnold,4.8,75,3.3,Education
Vince Walsh,2.4,7,3.1,Social Science
Martin Mulligan,3.7,84,3.7,Science
Michael Katz,4.9,100,2.4,Chemistry
Michael Slawinski,4.9,100,1.4,Earth Science
Shasanka Chalise,3.3,67,3.2,Business
Scott Stafford,2.3,34,4.0,Criminology
Colin Corcoran,2.0,17,2.0,Business
Joy Fraser,5.0,100,2.0,Folklore
David Skinner,2.7,40,3.6,English
Ivan Booth,3.0,35,3.5,Mathematics
Rajeevan Arunthavanathan,3.7,67,3.0,Engineering
Dimitri Panagos,1.6,0,3.8,Law amp Society
Pierre Bitton,4.6,94,3.1,Psychology
Amy Todd,4.2,80,3.0,Biochemistry
Fiona Cuthbert,5.0,100,3.0,Biology
Saeed Samet,4.8,100,1.9,Computer Science
Sean Gray,4.8,100,2.2,Law & Society
Alistair J. Bath,3.3,48,3.8,Geography
Jeff Loder,3.6,19,2.7,Political Science
Max Liboiron,3.8,84,3.1,Sociology
Hilary Corlett,5.0,100,2.0,Earth Science
J. David Baird,3.5,63,3.3,English
Razan Abu Labdeh,4.7,100,2.7,Mathematics
Bui Petersen,3.5,67,2.8,Business
Sharon Roseman,3.9,0,2.4,Anthropology
Jamie Skidmore,4.8,100,2.6,Theater
Erwin J. Warkentin,3.5,58,3.1,German
Amy Hurford,5.0,100,2.5,Biology
Sally Goddard,4.5,97,2.5,Biology
Stephan Curtis,3.5,47,4.1,History
Nicole Power,3.4,45,3.7,Sociology
Christopher Cogan,3.6,64,2.5,Geography
Yixi Yang,5.0,100,1.5,Sociology
David Tulett,2.6,29,3.8,Business
Wanda Wiseman,4.5,100,2.2,Economics
Qiang Ye,4.9,100,2.5,Computer Science
Rachel Sipler,3.0,50,3.5,Oceanography
Gordon Cooke,3.5,69,3.4,Business
Paula Luby Coughlan,4.7,100,2.0,Education
Maha Bhouri,3.5,65,3.9,Engineering
Kyla Bruff,5.0,100,3.0,Philosophy
Gladdale Matthews,1.4,12,4.4,Archaeology
Steven Crocker,4.0,75,3.0,Social Science
Howard Heys,2.7,67,4.0,Engineering
Theo Norvell,2.2,20,3.7,Engineering
Jack Etchegary,5.0,100,2.0,Music
Paul Sherren,1.6,19,4.3,Computer Science
Susanne Ottenheimer,4.3,81,2.7,Sociology
Jordan Van Den Hoonaard,4.8,80,2.8,Philosophy
Jianyun Tang,2.1,17,3.1,Business
Anton Oleinik,2.7,54,3.5,Sociology
Anna Katic-Duffy,4.6,100,3.2,Nursing
Sherry Mantyka,2.0,12,3.7,Mathematics
Richard Goulding,4.2,74,2.8,Physics
Tom MacDonald,2.8,0,3.2,Mathematics
Saiqa Azam,1.8,19,4.1,Education
Heather McLeod,3.1,100,2.3,Education
Robert Sweeney,2.0,0,4.1,History
Karteek Popuri,2.5,50,4.1,Computer Science
Marco Merkli,3.6,75,3.9,Mathematics
Joe Argentino,4.7,100,2.3,Music
Brennan Lowery,5.0,100,1.0,Geography
Karina Sosa,5.0,100,1.4,Spanish
David Lowe,3.0,100,2.0,Earth Science
Lorna Walsh,4.1,100,3.1,Nursing
Florence Budden,4.3,100,3.0,Nursing
Yuxi Shi,3.6,72,1.9,Business
Assem Hassan,4.0,75,3.0,Engineering
Kenneth Snelgrove,3.1,100,3.7,Civil Engineering
Bert Riggs,4.3,80,2.6,History
Anthony Micucci,3.1,83,3.1,Social Science
Joelle Aucoin,3.0,65,3.1,Economics
Gerald Pocius,2.7,0,3.6,Folklore
Dave King,4.2,80,1.7,Business
Darlene Skinner,3.7,72,3.1,Psychology
Fiona Polack,4.7,100,2.6,English
Dianne Ford,4.3,88,3.1,Business
Dennis Dober,3.9,78,2.2,Business
Karen Bulmer,4.6,75,3.0,Music
Michelle Cheramy,3.7,0,4.3,Music
Entcho Demirov,2.8,53,3.3,Physics
David Behm,3.8,70,3.5,Science
Suzanne Hurley,3.8,79,2.7,Engineering
Kamal Hossain,3.8,70,2.9,Engineering
Penny Morrill,4.2,100,2.1,Earth Science
Nima Khakzad,5.0,100,2.0,Engineering
Natalie Duchesne,3.9,100,3.6,Gender Studies
Ramin Azargohar,2.0,50,3.5,Engineering
Elizabeth Hicks,5.0,100,2.5,English
Kyle Nickerson,3.9,70,3.0,Computer Science
Sonja Boon,3.8,74,3.2,Women's Studies
Heather Bastedo,3.0,0,3.0,Political Science
Deatra Walsh,5.0,100,2.0,Sociology
Kati Szego,3.0,50,3.8,Music
Meghann Jack,4.7,100,1.9,Folklore
Gubhinder Kundhi,4.0,75,2.7,Economics
Sarah Shultz,4.8,100,2.3,Folklore
Karem Azmy,2.5,29,3.2,Earth Science
Lincoln Addison,4.7,100,2.0,Anthropology
Colin Farquharson,3.7,67,3.3,Earth Science
Michael Babechuk,4.7,100,2.7,Earth Science
Andrew Vardy,4.1,100,2.8,Electrical Engineering
Marina Grineva,4.7,100,2.1,Russian
Parisa Tarahomi,1.8,25,4.3,Linguistics
Bertram Riggs,3.0,50,5.0,English
Wayne Barbour,4.5,86,2.3,Languages
Nicholas Krouglicof,3.6,80,3.3,Engineering
Anne Burke,2.9,40,3.5,Education
Nancy Earle,3.5,100,2.7,English
Karen Dobbin-Williams,4.5,84,3.6,Nursing
Jacqueline Hesson,3.0,50,3.5,Education
Sylvie Proulx,3.1,12,3.5,French
Nava Bobby,3.7,27,3.4,English
George Saad,4.0,67,2.0,Philosophy
Caroline Schiller,2.8,100,3.7,Music
Sam Underwood,2.3,34,4.0,Philosophy
Julia Janes,4.4,80,3.2,Social Work
Moss Norman,4.8,100,1.8,Sociology
Daniel Amoah,1.0,0,3.0,Sociology
Tana Allen,4.1,100,2.6,Classics
Wayne Barbour,3.1,40,3.5,French
Peter Walsh,2.3,50,3.3,English
Touati Benoukraf,5.0,100,3.0,Medicine
Sharon Penney,2.6,0,3.4,Education
S Ottenheimer,4.7,85,2.8,Social Science
Katie Butt,5.0,100,1.4,English
Robert Finley,5.0,100,2.2,English
Joelle Rodway,5.0,100,2.0,Education
Barbara Mulcahy,3.0,100,2.0,Education
Steven Smith,4.3,80,2.3,Chemistry
Valérie Vézina,4.9,100,2.1,Political Science
Dean Parsons,5.0,100,2.7,Computer Science
Andrew Wadden,5.0,100,4.0,Business
Jennifer Flynn,3.5,100,3.2,Philosophy
Jerome Delaney,4.5,67,1.2,Education
Olga Nedvyga,4.0,67,2.7,Spanish
Xili Duan,4.3,100,2.5,Engineering
Aaron Collis,4.0,67,2.0,Music
Daniel Neill,3.3,100,2.0,Music
Gerard Castagne,3.2,53,3.2,French
Hodjat Shiri,2.3,34,4.7,Engineering
Tricia Munkittrick,3.7,34,2.7,Archaeology
James Munroe,3.1,86,3.5,Physics
Michelle Mercer,2.7,31,3.4,Psychology
Susan Ottenheimer,4.7,87,2.4,Sociology
Karun Karki,4.0,67,2.3,Social Work
Darlene Spracklin-Reid,4.0,69,2.4,Engineering
Basem AbdelAleem,3.0,100,2.0,Engineering
Clar Doyle,4.3,100,2.8,Education
Rachelle Shannahan,2.7,47,3.4,Business
Rebecca Hiscock,4.6,100,1.9,Languages
Amir Khan,2.6,40,3.4,Engineering
Michael Broz,5.0,100,2.3,Philosophy
Morgan Cooper,4.0,80,3.8,Business
Muhammad Sifatul Alam Chowdhury,4.7,100,2.7,Engineering
Matthew LeRiche,3.4,100,2.9,Political Science
Geoff Williams,2.7,20,3.8,Business
Aaron Flood,4.6,100,2.2,Kinesiology
Allyson Stokes,4.2,80,2.8,Sociology
Scott Johnston,3.5,34,2.3,Philosophy
Leroy Murphy,2.2,25,3.1,Business
Lucien Boudreau,2.7,34,3.7,Biology
Morgen Mills,5.0,100,1.7,English
Scott Neilsen,4.4,79,3.0,Archaeology
Michele Mercer,1.4,4,4.5,Psychology
Jennifer Lokash,4.3,100,3.3,English
Alysha Renouf,5.0,100,3.0,Psychology
Marc Kielley,1.0,0,4.3,Business
Nabil Shalaby,3.4,34,2.6,Mathematics
Paul Walsh,3.3,67,2.5,Business
Cliff McCarthy,4.9,75,1.6,Science
Ted Miller,2.7,34,4.0,Science
Cecilia Moloney,1.6,10,4.6,Engineering
Douglas Wharram,3.7,86,2.4,Linguistics
Liam Swiss,4.4,100,2.0,Sociology
Todd Rose,3.1,50,3.0,Business
Tom Cooper,4.9,100,1.9,Business
Angela Slaney,4.3,100,3.1,Social Work
Ron Owens,4.1,100,2.9,Nursing
Amilcar Soares,4.1,75,3.4,Computer Science
Barry Walters,4.2,100,2.7,Biochemistry
Brad Levett,4.3,75,2.5,Classics
Jonathan Fawcett,4.9,100,2.7,Psychology
Gerald Singh,1.7,12,4.3,Geography
Stephen Shorlin,4.4,0,2.2,Physics
Lauranne Poharec,4.5,84,2.3,English
Matthew Carroll,2.2,31,3.3,English
Daze Jefferies,5.0,100,1.0,Gender Studies
Sulaimon Giwa,3.2,56,2.4,Social Work
Ulises Garcia Figueroa,4.0,100,3.0,Spanish
Roberto Martinez-Espineira,1.7,10,4.3,Economics
Alain Ndjiongue,1.7,0,4.7,Engineering
Mojtaba Asgari,5.0,100,4.0,Business
Yanqing Yi,3.5,100,3.0,Medicine
Rick Singleton,3.0,100,4.0,Religious Studies
Jonathan Lofft,1.0,0,5.0,Religion
Jeffrey Parsons,2.0,0,3.0,Business
Mariah Cooper,3.0,50,3.0,Gender Studies
Marina Carbonell,4.0,50,3.5,Police Studies
Wade Locke,2.7,100,3.4,Economics
Katherine Side,2.3,34,3.7,Women's Studies
Jamie Pitt,4.5,89,2.7,English
Chrissy Thomson Harvey,2.3,31,3.5,Business
Sabela Taborda,5.0,100,2.0,Spanish
Nicholas Welch,4.4,100,3.0,Linguistics
Jinjie Fu,4.0,100,3.0,Sociology
Travor Brown,3.2,50,3.5,Business
Albert Jones,2.8,43,2.7,Law & Society
Gary Hancock,3.9,38,3.1,Science
Laura Squires,2.0,29,3.6,Health & Wellness
Etienne Vuillaume,4.8,100,3.6,French
Aaron Felt,1.4,8,3.9,Law Society
Evan Andrews,4.1,88,2.5,Geography
Shannon O'Rourke,2.3,25,3.8,Philosophy
Edita Bosak,3.3,80,3.3,History
Lee Rainey,4.4,75,2.7,Religious Studies
Heather Gushue,4.5,82,2.9,English
Russell Adams,1.9,0,3.9,Psychology
Monica Engel,4.5,75,2.8,Geography
David Tracey,5.0,100,2.0,Philosophy
Katherine Gallagher,4.3,100,3.4,Business
Michael Wernerheim,3.2,34,3.6,Economics
Aaron Flood,3.4,65,2.2,Physical Education
Gerona McGrath,3.3,50,3.5,Business
Douglas May,3.0,40,3.1,Economics
Damian Castro,3.8,100,1.7,Anthropology
Nancy Dahn,4.5,100,3.8,Music
Shawn Leroux,4.3,91,2.4,Biology
Nicholas Hamilton,4.0,100,2.5,English
Augustine Osarogiagbon,3.0,0,3.0,Engineering
Gary Hancock,2.2,20,3.0,Chemistry
Timothy Strange,5.0,100,3.0,Biochemistry
Michael Westcott,4.0,100,3.0,History
Linda Coles,3.0,25,2.8,Education
Shannon Lewis-Simpson,3.6,37,3.3,English
Hari Kunduri,4.4,100,2.2,Mathematics
Krista Gushue,3.4,73,2.7,Nursing
D Gamble,2.7,40,3.9,Languages
Lisa-Jo van den Scott,3.9,71,3.2,Sociology
Weimin Huang,4.0,100,3.5,Engineering
Kelly Blidook,4.0,90,3.1,Political Science
Rajith Dayarathne,5.0,100,2.0,Engineering
Russ Adams,2.2,20,4.1,Psychology
Margaret Caldwell,4.5,95,2.3,Biology
Ian Glew,3.2,65,4.2,Business
Brian Feltham,3.0,0,2.5,Business
Heather Nunes,3.0,50,2.0,Communication Studies
Rebecca Franklin,3.7,73,2.0,Business
Khaushik Nag,5.0,100,2.0,Biochemistry
Oleg Ogandzhanyants,1.0,0,5.0,Mathematics
Colleen Hanrahan,1.4,0,2.8,Law Society
Meghan Forsyth,3.8,100,2.6,Music
Marina Caman,5.0,100,1.5,Russian
Ranee Panjabi,4.1,100,2.9,History
Delores Mullings,2.2,39,4.4,Social Work
Jeff Crane,5.0,100,1.8,Kinesiology
Noah Morritt,5.0,100,2.5,History
Nicholas Lynch,4.5,89,2.5,Geography
Robert Kelly,4.1,84,2.6,Education
Nadeem Saqlain,4.8,100,3.2,Education
Javad Kondori,1.0,0,3.0,Engineering
Larry Bauer,3.4,0,3.8,Business
Trudi Johnson,4.0,86,2.7,Education
Osvaldo Croci,3.3,60,3.1,Political Science
Anton Oleynik,2.6,67,3.8,Sociology
Lisa Kaida,4.5,67,2.5,Sociology
Norman Catto,4.6,80,1.9,Geography
Gerald White,3.9,73,2.1,Police Studies
Mohinder Grewal,4.1,25,2.7,Mathematics
Sylvia Moore,5.0,100,3.0,Education
Karen Stanbridge,4.4,88,2.7,Social Science
Ian Neath,4.1,58,2.3,Psychology
Michael Green,1.3,0,3.5,Business
Yolande Pottie-Sherman,4.4,90,2.6,Geography
Christian Coronado,4.8,100,3.2,Engineering
Jillian Westcott,5.0,100,2.0,Business
Gail Wideman,4.5,100,3.1,Social Work
Justin Pittman,4.9,100,2.2,Physics
Wengdong Mao,3.0,0,3.0,Computer Science
Fintan Neylan,5.0,100,3.0,Philosophy
Doreen Whalen,3.0,60,3.5,Business
Julie Temple-Newhook,4.7,88,2.0,Gender Studies
Hao Cai,3.0,0,3.0,Computer Science
Meghan Burchell,4.9,100,2.6,Archaeology
Beverly Fitzpatrick,2.8,25,3.4,Education
Caitlin McLaughlin,1.7,15,4.0,Business
Susan Caines,3.1,50,3.6,Engineering
Paul Ripley,4.0,70,2.8,Social Science
William Montevecchi,2.5,100,3.3,Psychology
Kimberly Myrick,3.6,34,2.9,Business
Joyce Kille-Marino,3.9,86,3.4,Nursing
Hurley Melanie P,1.0,0,2.0,English
Janet Vivian-Walsh,5.0,100,3.0,Education
Miklos Bartha,1.5,7,4.1,Computer Science
Alaa Alhowaide,5.0,100,2.5,Computer Science
Jim Duff,3.9,0,1.9,Music
Chris C. Ledrew,4.5,58,2.2,English
Emmanuel Banchani,5.0,100,1.7,Sociology
Veneranda Uwantege,1.3,0,4.0,French
Faisal Khan,3.2,67,3.5,Mechanical Engineering
Mohammed Taleb Berrouane,4.4,88,3.3,Engineering
Reade Davis,4.7,67,2.2,Anthropology
Kim Welford,4.7,100,3.0,Earth Science
Yohei Sakai,4.9,100,2.1,Spanish
Qiying Chen,2.6,34,3.7,Physics
Carling Beninger,3.0,75,2.5,History
Chris Reid,5.0,100,2.3,History
Kara Arnold,3.7,0,2.7,Business
Sudan Xing,3.0,100,3.5,Mathematics
Beth McGrath,3.1,34,3.0,Business
Hayley Crichton,4.9,100,2.6,Sociology
Trudy Button,1.9,37,4.3,Business
Ross McGowan,4.2,100,2.7,Science
Janice Parsons,4.0,89,2.3,Social Science
Thomas Cooper,4.3,100,2.5,Business
Steve Carr,3.3,10,3.8,Biology
J. Waples,1.6,12,3.9,Economics
Linda Rohr,3.6,54,2.4,Kinesiology
Michael Morrow,4.3,100,2.7,Physics
Pamela Ward,4.7,100,2.5,Nursing
Kelley Bromley-Brits,4.4,100,2.0,Biochemistry
Melanie Racette-Campbell,4.4,93,2.8,Classics
Benjamin Zendel,2.0,0,4.0,Medicine
David Stirling,1.0,0,5.0,Chemistry
Andrew Luchak,2.9,40,3.4,Business
Wayne Fife,3.8,40,2.9,Anthropology
Greg Noseworthy,5.0,100,1.0,Religious Studies
Christopher Kozak,5.0,100,3.0,Chemistry
Manrique Mata-Monterio,3.5,65,3.1,Computer Science
Kimberly Noseworthy,4.5,100,2.5,Accounting
Benedikt Rottenecker,5.0,100,3.0,Philosophy
Gladstone Deklu,4.0,50,3.2,Linguistics
Scott Lynch,3.4,20,2.6,Economics
Kelly Power-Kean,1.0,0,4.0,Nursing
Ellen Waterman,1.0,0,2.5,Music
Marie Louise Aastrup,5.0,100,3.0,Geography
Wanda Emberley-Burke,1.0,0,5.0,Nursing
Arifusalam Shaikh,3.0,50,3.0,Business
Amy Warren,4.4,100,3.0,Business
Hannah Clark,4.0,67,1.8,History
Allister Dyke,2.5,50,2.0,Education
John Fiset,4.5,95,2.9,Business
Maisam Najafizada,4.0,100,3.0,Medicine
K M Merkatul Islam,5.0,100,2.0,Anthropology
Edmund Loveless,4.8,100,2.0,Mathematics
Frank Dormody,4.0,100,3.0,Accounting
Eldon Murray,5.0,100,2.5,Music
Brandon Trask,4.9,100,2.9,Law Society
Alisan Genc,5.0,100,3.0,Philosophy
Ailsa Craig,4.0,25,2.9,Sociology
Anna Harlick,3.9,65,2.7,Physics
Leah Fusco,3.8,75,3.0,Geography
Asokan Variyath,2.6,0,2.7,Mathematics
Jinjun Tong,3.3,63,3.8,Mathematics
Leigh Puddester,5.0,100,2.8,Business
David Hickey,4.3,0,2.3,Education
Mohamed Shehata,4.3,89,2.9,Engineering
Guy Quirion,3.0,50,3.0,Physics
Geoff Rideout,4.7,100,2.7,Engineering
Andrei Igamberdiev,3.3,34,3.3,Biology
Rodigue Byrne,3.5,63,3.5,Computer Science
Antoinette Doyle,1.4,0,3.6,Education
Chuck Hurich,3.5,50,2.5,Earth Science
Ken Fowler,4.8,100,1.8,Psychology
David Speed,5.0,100,2.4,Psychology
Stephanie Leger,3.5,50,3.2,Biology
Raymond Poirier,3.3,50,2.8,Chemistry
Paul Mezey,2.4,25,3.2,Chemistry
Ryan Mailloux,2.3,50,3.7,Biochemistry
Jane Waples,1.2,0,4.7,Economics
Basil Kavanagh,3.0,50,2.7,Physical Ed
Patricia Maxwell,3.0,0,2.7,Education
Shelly Birnie-Lefcovitch,3.4,67,3.5,Social Work
Stanislav Opanasenko,2.0,0,5.0,Mathematics
Ting Hu,4.2,75,3.6,Computer Science
Ken Stevens,2.2,0,3.6,Education
Stephen Ellenbogen,3.3,70,3.5,Social Work
Gerald Galway,3.6,50,3.3,Education
Len Zedel,3.5,100,3.1,Science
Patrick Balsom,2.3,29,3.7,French
Isabelle Dostaler,3.5,100,4.0,Business
Saleem Abdel-Hady,4.0,72,2.7,Linguistics
Jonathan Richler,4.0,73,2.8,Political Science
Lori Robbins,4.7,100,3.0,Nursing
Hensley Mariathas,3.2,50,3.2,Mathematics
Peter Warburton,3.6,76,3.4,Chemistry
Andrew Muncaster,4.3,75,2.2,Religious Studies
Asta Rand,4.2,80,2.6,Archaeology
Elliott Burden,3.1,100,3.3,Earth Science
Shawn Ogunseye,4.6,89,2.4,Business
James Jackaman,4.0,100,2.0,Mathematics
Andy Kerr,4.3,67,1.8,Earth Science
Arn Keeling,4.3,89,2.7,Geography
Neil Hookey,3.7,89,3.6,Engineering
Bryan Grace,3.2,59,2.9,English
Wendong Mao,5.0,100,1.0,Business
Dan Walker,4.9,100,1.2,Engineering
Emma Cooper,1.0,0,5.0,Education
Sean Holt,4.7,100,2.3,German
Karlo Basta,3.9,75,3.8,Political Science
Mashrura Masharraf,3.0,100,4.0,Engineering
Marc Glassman,4.6,100,3.0,Education
Heather O'Brien,3.8,72,3.5,English
Tony Flood,3.6,25,2.2,Education
Laura McKendy,2.7,67,2.3,Police Studies
Hongxuan Peng,3.1,100,3.3,Engineering
Claude Daley,2.9,50,3.0,Engineering
Hussein Albataineh,4.0,100,3.0,Linguistics
Julie Brittain,2.8,67,3.4,Linguistics
Florian Villaume,5.0,100,1.0,Business
Melinda Agapito,3.0,100,3.0,Geography
Patrick Renaud,5.0,100,2.3,Philosophy
Karen Street,3.0,72,4.1,Nursing
Ashli Kean,4.3,100,2.0,French
Christine Carter,4.9,100,4.0,Music
Robert Meadus,4.0,100,2.9,Nursing
Christa Beaudoin-Lietz,3.1,0,3.1,English
John Samms,2.8,59,3.9,Political Science
Don Nichol,3.3,60,3.2,English
Ashutosh Dhar,5.0,100,2.7,Engineering
Caio Hornhardt,2.1,25,3.6,Mathematics
Lisa More,5.0,100,3.5,English
Gerard Van Herk,4.3,100,2.6,Linguistics
Charles Osaretin,3.2,50,2.5,Engineering
Shatadru Biswas,1.0,0,4.5,Engineering
Kathy Hickman,4.0,71,3.1,Business
Chris Dawson,4.4,100,2.5,Business
Sharmila Gunasekaran-Gnanam,3.0,34,4.3,Mathematics
Natalie Slawinski,3.9,0,3.4,Business
Taraneh Abarin,2.4,15,3.4,Mathematics
Chris Flinn,3.8,46,3.3,Science
Siva Prasad,4.6,100,3.0,Mathematics
Lesley Bishop,5.0,100,3.5,Social Work
Aaron Peach,4.5,100,2.9,English
Caitlin Charman,4.0,82,3.3,English
Shuaibing Luo,3.3,67,3.3,Mathematics
Chelsee Arbour,4.4,60,3.6,Archaeology
Gregory Brown,5.0,100,3.2,Police Studies
Hookey Neil,3.5,50,3.3,Engineering
Cora Young,3.8,100,3.6,Chemistry
Darragh McManamon,4.3,100,2.3,Business
Mark Stoddart,3.3,40,2.7,Sociology
Ray Critch,4.3,0,2.3,Philosophy
Ryan McKinnell,4.0,100,3.0,Political Science
Helen Conway,3.6,29,3.0,Police Studies
Luc Rolland,1.4,34,3.9,Engineering
Brent Augustus,4.3,89,2.8,Folklore
Anton Oleinak,2.0,0,4.0,Sociology
Elizabeth Simms,4.2,50,2.7,Geography
Madeleine Mant,5.0,100,2.0,Archaeology
David P Lobel,2.7,23,2.2,Business
Ahmad Ababneh,4.3,100,2.8,Mathematics
Melanie Hurley,4.4,80,3.4,English
Ariana Patey,4.4,100,2.6,History
John Pippy,2.9,0,2.5,Business
Daniel Fuller,2.5,50,3.0,Kinesiology
Jim Moore,4.7,100,1.7,Secondary Education
Alan Hall,2.9,29,4.1,Sociology
Valerie Burton,2.9,50,3.3,History
Matthew Hunt Gardner,2.3,46,3.7,Linguistics
Matthew Gardner,5.0,100,1.0,Linguistics
David Wilding,4.5,70,2.0,Languages
Kristina Szutor,4.2,100,3.8,Music
Anne Marie Sullivan,4.4,100,2.5,Physical Ed
Minglun Gong,3.6,100,3.3,Computer Science
Mike Shute,2.9,58,3.0,Religious Studies
Josh Taylor,4.3,100,2.6,Business
Catherine Losier,4.3,100,2.6,Archaeology
Gerard Collins,4.4,75,3.3,English
Angeline Jones,5.0,100,2.4,Anthropology
Maria Iturriza,4.8,75,3.0,Spanish
Chris Callaghan,5.0,100,3.0,English
Stephen Tomblin,3.7,67,2.9,Political Science
Sarah Knee,3.8,56,2.6,Linguistics
Craig Maynes,4.1,100,3.2,Classics
Marica Cassis,4.5,50,3.0,Classics
Sulemana Fuseini,4.5,100,2.5,Social Work
Genevieve Gallant,1.0,0,3.0,Education
Helen Dos Santos,3.4,63,3.0,Mathematics
Peter Sinclair,3.3,100,2.8,Social Science
Carol-Ann Galego,4.0,100,3.0,Philosophy
Helen Conway,5.0,100,2.0,Business
Victor Kendall,1.4,0,4.3,Education
Roy Bartlett,2.8,50,3.3,Mathematics
Susan Forward,5.0,100,2.8,French
Greg Dunning,3.1,100,3.4,Science
Christina Fabretto,4.7,67,1.6,Languages
Cyndi Egan-Kiigemagi,4.2,72,2.1,Folklore
Benjamin Staple,3.8,50,2.4,Folklore
Audrey Hynes,2.2,25,4.2,Kinesiology
Xioming lu,3.7,67,1.7,Mathematics
Melissa Hoskins,4.3,67,4.0,Psychology
Ashoke Deb,2.6,0,3.6,Computer Science
Wieslaw Kubiak,2.7,50,4.1,Business
W.M Zuberek,4.2,100,4.5,Computer Science
Mark Tate,2.7,29,3.5,Anthropology
Katherine Side,1.5,0,4.0,Gender Studies
Bernard Wills,3.3,34,2.4,Theology
Leila Ziamajidi,4.0,100,3.0,Linguistics
Lisa Zigler,2.3,13,2.9,Social Work
Shirley Noseworthy,2.2,43,3.4,Marketing
Megan Bower,4.9,100,2.0,Archaeology
Ismar Muhic,3.2,67,3.0,Linguistics
Cynthia Coles,1.3,0,3.5,Engineering
James Feehan,3.5,34,3.3,Economics
Keely Whitelaw,3.0,100,4.0,Philosophy
Gemma Langor,3.0,0,4.1,Nursing
Serpil Kocabiyik,3.5,67,3.9,Mathematics
E. Mark Murphy,5.0,100,4.0,Music
Mohammad Al Janaideh,2.3,34,3.0,Engineering
Valerie Royle,4.7,100,2.0,Business
Liam Morrissey,4.5,100,2.8,Engineering
Olivia Heaney,3.9,75,4.0,Communication Studies
Nasser Heydari,2.4,34,2.7,Mathematics
Steven Riggins,3.3,100,3.3,Sociology
Armin Bodaghkhani,3.0,100,2.0,Engineering
Bing Chen,3.6,25,2.0,Engineering
Marylou Walsh,2.5,60,3.0,Business
Eva Crocker,1.5,0,2.2,English
Qian Wei,4.0,75,2.8,Sociology
Daniel Grillo,5.0,100,2.0,Criminology
Latonia Hartery,5.0,100,3.0,Archaeology
John Buffinga,4.3,75,2.7,German
Jen Smith,4.6,80,3.0,Social Work
Ann Blackmore,3.0,63,3.0,Economics
Ali Aksu,4.7,100,2.2,Science
Brian Veitch,3.7,0,3.3,Engineering
David Philpott,4.0,0,3.5,Education
Irene Velentzas,3.3,56,3.5,English
Tammy Sheppard,4.0,75,3.3,Business
Piers Evans,4.7,100,2.7,Geography
Rochelle Cocircteacute,1.0,0,4.0,Sociology
Andrew House,3.2,50,3.0,Engineering
Mansour Almatarneh,1.0,0,5.0,Chemistry
Heather Lannon,3.2,60,1.8,Gender Studies
Rick Healey,4.2,100,2.5,Psychology
Donald Buell,4.6,0,2.6,Music
Nathan Cook,4.8,100,2.3,Music
Sean Rice,1.0,0,2.0,Music
Keith Lewis,3.1,54,3.3,Biology
Rosie Hoyte,3.7,50,2.5,Mathematics
Laura Kelvin,5.0,100,2.5,Archaeology
Darlene Reid,4.3,100,2.3,Engineering
Christine Knott,3.0,40,2.1,Sociology
Mark Cumming,2.2,0,4.2,English
Stewart Durrant,4.2,67,1.9,Languages
Tyler Ensor,5.0,100,3.0,Psychology
Sandra Carter,2.1,50,3.3,Nursing
Elizabeth Yeoman,3.8,100,2.5,Education
Glenda Webber,4.3,100,2.7,Social Work
Mary Dalton,1.9,34,3.8,English
Saeed-Reza Dehghani,4.0,75,2.7,Engineering
Elizabeth Hynes,4.3,100,2.9,Nursing
John Wells,3.4,100,4.0,Physics
Sarah MacAulay,3.9,80,2.4,Psychology
Roberta Hicks,5.0,100,2.5,Earth Science
Rhonda Joy,4.0,100,3.0,Education
Sahar Arshadi,5.0,100,3.5,Mathematics
Michael King,4.0,100,5.0,Medicine
Kris Poduska,3.8,100,3.3,Physics
Julian Dust,3.8,100,3.9,Chemistry
Taylor Mooney,5.0,100,2.0,Police Studies
Peter Gratton,4.0,80,2.5,Philosophy
Thomas Nemec,3.9,0,2.9,Business
Donna Batten,3.4,100,3.2,Computer Science
Fabrizio Donzelli,5.0,100,3.0,Mathematics
Danielle Irvine,4.4,100,2.7,Theater
Seshumadhavarao Adluri,3.8,100,3.0,Engineering
Norvell Theo,4.8,100,4.5,Engineering
Yan Zhang,4.0,50,3.5,Engineering
Sebastien Despres,4.3,50,1.8,Anthropology
Kellie Hadden,3.6,0,3.1,Psychology
Kim Parker,3.3,100,3.2,Theology
Dale Foster,3.2,67,3.7,Business
Melanie Greene,4.8,100,2.6,Education
Edith Furey,2.3,0,3.0,Elementary Education
Ray Poirier,3.0,43,4.1,Chemistry
Rose Riccardelli,1.0,0,3.8,Sociology
Susan Trim,4.0,100,3.0,Business
Laura Maack,5.0,100,2.0,German
Mary Power,3.8,100,2.0,Women's Studies
Ramachandran Venkatesan,1.5,0,4.6,Engineering
Peng Zhou,4.7,100,2.8,Mathematics
Joan Davis-Whelan,3.0,67,3.4,Social Work
Douglas Furey,3.7,100,3.3,Education
John Quaicoe,3.9,25,3.3,Engineering
Christine Thomson,3.1,0,3.5,Not Specified
Leslie-Anne Keown,1.0,0,2.5,Sociology
David Pike,3.5,100,3.3,Mathematics
Karin Thomeier,5.0,100,3.0,German
Andrey Shoom,4.4,100,2.6,Mathematics
Caroline Prud'homme,1.0,0,4.0,French
Claire Frankel,3.8,50,3.2,Languages
Paul Adjei,3.5,50,3.3,Social Work
Paul Komiak,3.0,100,3.4,Business
Mary Lou Walsh,2.0,0,4.0,Business
Gladelle Matthews,5.0,100,2.0,History
Kari Sawed,4.0,100,1.0,Folklore
Aghil Khangha,2.5,0,4.0,Mathematics
Eryn Heidel,4.8,100,3.5,English
Iain McCurdy,4.5,100,3.2,English
Kellie Baker,4.3,100,2.7,Physical Education
Kathleen Galloway,1.0,0,3.3,Music
Marc Lewis,4.6,100,2.5,English
Herb Simms,3.4,100,3.5,Political Science
Jacob Bachinger,3.9,100,3.2,English
Susan Myden,4.0,100,4.0,Business
Gabrielle Young,4.9,100,2.8,Education
Abdus Bhuiyan,4.0,86,2.8,Mathematics
Rongxin Tang,5.0,100,2.3,Mathematics
Andrea Kelly,4.8,100,2.0,Communication Studies
Ross Klein,1.5,0,3.5,Social Work
Sean Waite,4.2,93,2.9,Sociology
Genevieve Warren,3.0,100,2.8,English
Kyle Massey,4.8,100,1.4,Education
John Saunders,3.8,100,3.0,Kinesiology
Syed Imtiaz,2.0,0,3.8,Engineering
Leslie Redmond,4.3,100,3.0,French
Daan Goossens,5.0,100,3.0,Engineering
Gene Herzberg,4.0,100,2.8,Biochemistry
Melody Sorenson,4.7,100,2.6,Psychology
Steve Bruneau,4.5,100,1.6,Engineering
Markus Lucht,5.0,100,3.5,German
Brad De Young,3.6,0,2.9,Physics
Jesse Whiteman,3.6,100,2.5,Psychology
Amy Wadden,4.5,100,3.0,Business
Natalie Beausoleil,3.3,100,3.4,Medicine
Andrew Crosbie,4.8,100,2.5,Business
Kathleen Sitter,3.9,100,3.3,Social Work
Philip Hiscock,4.3,0,2.7,Humanities
Rodger Mason,3.4,50,3.2,Science
Matthew Lidstone,4.8,100,2.4,English
Erica Davis,2.3,50,3.0,Linguistics
Magessa O'Reilly,2.5,100,4.1,French
Stephen Bonnell,1.0,0,5.0,Geography
James MacLean,3.8,0,2.8,Languages
David Hawkin,4.3,100,2.0,Theology
Gary Sneddon,4.9,100,2.1,Mathematics
Michele Durand,3.0,50,2.6,Biology
Victoria Scott,1.0,0,4.0,German
Hisham Syed,1.5,0,4.5,Mathematics
Weston Raske,5.0,100,1.0,Business
John Sheih,1.7,0,3.5,Computer Science
Donna Best,2.0,0,5.0,Nursing
Elizabeth Somerton,2.8,20,3.4,English
Anna Rissanen,4.0,79,2.3,Biology
Shadi Alawneh,2.7,100,3.4,Engineering
Gerry Malone,2.3,100,1.0,Physical Ed
Paul Smith,4.0,100,2.6,Folklore
John Brosnan,4.7,100,3.0,Biochemistry
Shelley Martin,4.0,100,3.5,Business
Donna Walsh,2.7,0,3.9,English
Fred Phelan,3.8,50,2.8,Economics
Dennis Hanlon,3.5,50,2.3,Business
Heather Clarke,5.0,100,1.3,Business
Heather Stanley,5.0,100,4.0,History
Asiyeh Sanaei,3.9,100,2.9,Mathematics
Sonja Jerkic,3.6,100,3.7,Anthropology
Sebastien Despres,5.0,100,1.0,Geography
Terry Bishop-Stirling,3.3,100,3.2,History
Philip Davis,1.5,0,4.0,Biochemistry
David Molyneux,4.0,100,2.5,Engineering
John-Michael Davis,5.0,100,3.0,Geography
Lynn Frizzell,5.0,100,3.0,Psychology
Tom Calon,4.6,100,3.1,Earth Science
Deanne Mahoney,5.0,100,3.0,Philosophy
Martha Trahey,5.0,100,2.0,English
Christopher Rowley,4.2,100,2.2,Chemistry
Murray Colbo,4.3,100,2.3,Biology
Messod Salama,2.6,50,3.8,Spanish
Michael Whithey,4.3,100,2.2,Business
Shelly Martin,4.3,100,2.3,Business
Carson Leonard,3.2,0,3.5,Mathematics
Jonathan Clapperton,5.0,100,3.0,History
Uzair Hussain,1.5,0,3.5,Mathematics
Linda Cullum,3.6,100,3.3,Social Science
Justyna Cizsewska-Carr,4.8,100,2.8,English As A Second Language
Martha Traverso-Yepez,1.0,0,1.0,Medicine
Frank O'Brien,4.4,100,2.5,Political Science
Eric Gill,4.7,100,3.6,Engineering
Yuri Muzychka,4.3,100,3.4,Engineering
Oluyele Akinkugbe,4.1,100,1.5,Economics
Colin Shelton,5.0,100,1.3,Classics
Iris Bussey,4.5,100,2.5,Social Work
Javad Abedini,4.6,100,2.6,Engineering
Diego Silva,5.0,100,3.0,Mathematics
Jessica Grant,4.0,100,3.0,English
Ali Asku,3.9,100,3.0,Earth Science
Enamul Hossain,1.5,0,3.5,Engineering
Rick Maddigan,4.2,100,2.5,Psychology
Sheila Garland,5.0,100,3.0,Psychology
Jackie Noseworthy,5.0,100,4.0,Nursing
Nick Ryan,3.8,100,3.0,Chemistry
Kevin Redmond,3.8,100,3.5,Kinesiology
Linda Parsons,3.8,,2.6,Social Science
Yvette Favaro-Park,4.9,,2.4,Chemistry
Rapheal Ray Roche,1.0,,1.0,Engineering
Tracey Pennell,4.6,,2.8,Law & Society
Kenneth Bruce,3.0,,3.0,Business
Martin Lovelace,4.8,,1.7,Folklore
Maria Myer,4.8,,3.3,German
Robert Hill,3.7,,2.3,Social Science
Robert Helleur,2.5,,2.9,Science
Ursula Kelly,3.8,,3.3,Education
Anne Pelta,3.8,,3.1,French
Bruce Quinton,5.0,,3.0,Engineering
Paul Sachdev,3.2,,2.0,Social Science
Cathy Button,3.3,,3.4,Psychology
Leonie Heimes,4.4,,1.7,German
Dr. Jean Snook,3.2,,3.5,Languages
Xiaoqiang Zhao,3.3,,2.8,Mathematics
Mohamed Ahemd,3.0,,3.2,Engineering
Henry Shultz,3.5,,4.0,Education
Paul Rice,3.8,,2.7,Music
Barbara Neis,2.6,,5.0,Sociology
Kirk Luther,4.5,,2.2,Psychology
Long Fan,1.7,,3.3,Engineering
Kristina Lord,4.7,,2.4,Communication Studies
Kelly Penton,5.0,,1.2,Mathematics
Laura Sanchini,3.5,,3.5,Folklore
Mary Beth Hutchens,4.1,,3.1,Social Work
Robert Davis,2.9,,3.0,Chemistry
Sakinder Kaur,2.9,,3.6,Science
Dr. Bruce Sheppard,5.0,,2.5,Education
john house,1.0,,5.0,Police Studies
Laurie Coady,1.7,,4.7,Business
Tibor Devai,3.5,,3.0,German
Paul McQuay,2.3,,2.3,Business
Pam Philips,2.1,,2.7,Secondary Education
Marie-Louise Greene,2.5,,3.4,French
Lev Travasov,1.0,,5.0,Physics
Robert Lewis,3.7,,2.7,Social Science
Patricia Grainger,4.3,,3.6,Nursing
Judy Power,5.0,,4.0,Nursing
Anne Murrin,3.8,,2.5,Economics
George Hache,2.5,,2.0,Education
Ryan Tifenbach,4.0,,2.3,Mathematics
Erica Woolridge,4.4,,1.3,Linguistics
Lynn Vivian-Book,4.8,,1.5,Nursing
Ryan Gibson,4.9,,1.8,Geography
Tina Yu,2.3,,3.7,Computer Science
Greg Bruce,1.0,,5.0,Music
Peggy March,3.3,,2.8,Education
Elizabeth Murphy,3.7,,3.5,Education
Phil Davis,3.3,,3.2,Science
Phil Brannigan,3.5,,4.0,Linguistics
Jeremy Speight,2.5,,3.7,Political Science
Tiffany Hancock,4.5,,1.8,French
Ralph Wheeler,3.2,,3.7,Physical Education
Doug Wharam,4.1,,2.4,Languages
Michael Skipton,2.3,,3.3,Business
Alexander Howse,3.4,,2.8,Mathematics
Martin Könenburg,1.1,,4.6,Mathematics
O'Brien Luke,4.0,,1.5,Business
Ranee Punjabi,3.4,,4.4,History
Clayton Halfyard,4.7,,2.2,Mathematics
Kelleyanne Malinen,4.7,,2.2,Gender Studies
Elise Thorburn,4.0,,1.9,Communication Studies
John Webber,4.8,,1.6,Languages
Stephen Mills,4.0,,2.8,Anthropology
Ki Adams,5.0,,3.0,Music
Matt Atkinson,3.0,,3.1,Mathematics
Jeff Learning,5.0,,1.0,Folklore
W Leonard,3.3,,3.5,Mathematics
Migara Liyanage,3.1,,2.1,Engineering
Barry Barrell,3.4,,2.0,Education
Amy Henderson,3.5,,3.8,Music
Robert Dunbrack,2.5,,3.6,Biology
Heather MacDonald,2.9,,2.9,Business
Christopher Button,4.3,,2.2,English
Mike Devine,3.7,,3.3,Social Science
Elizabeth Russell,4.6,,1.9,Psychology
Katna Munaswamy,1.8,,3.0,Engineering
Maria Mathews,4.5,,3.0,Medicine
Oleg Derzho,2.3,,3.1,Physics
C.Z. Kuo,3.6,,2.7,Mathematics
Altaf Taher,4.8,,1.5,Medicine
Arden Williams,4.0,,2.3,Classics
Brian Corbett,1.8,,3.5,Mathematics
Donna Stapleton,3.5,,3.2,Business
Justin Piche,4.1,,2.3,Sociology
Skip Fischer,4.3,,3.1,History
Larry Mathews,3.1,,3.5,English
Charles Malsbury,3.9,,3.3,Psychology
Derek Wilton,3.0,,2.7,Science
Tamara Leary,5.0,,2.3,Education
Michael Withey,3.0,,3.0,Business
Kate Scarth,4.3,,2.5,English
Gary Riser,1.8,,4.3,Economics
John Hoben,4.1,,2.7,Law & Society
Chris Radford,2.9,,3.8,Mathematics
John Shieh,1.0,,5.0,Computer Science
B Schrank,3.2,,3.5,English
Eugene Chibrikov,2.9,,2.3,Mathematics
Sharon Pelach,3.4,,2.8,Education
Zainab Jerrett,3.2,,1.3,Folklore
Ghazal Assadipour,2.9,,3.4,Business
Yuzhao Wang,2.2,,3.8,Mathematics
Tim Thorne,4.3,,2.0,Business
Iona Bulgin,3.7,,3.9,English
Jit Singh,3.1,,2.4,Education
Azra Ghumman,1.9,,3.6,Chemistry
Chris Rowe,2.1,,4.2,Business
Jacqui Carter,3.6,,2.8,Psychology
Sadegheh Haghshenas,3.5,,3.0,Mathematics
Matthew Nosworthy,5.0,,2.5,Biochemistry
Consuelo Griggio,5.0,,2.3,German
Ben Tippet,2.3,,4.3,Mathematics
Sarah MacDonald,4.6,,1.5,Psychology
John Phillips,4.3,,1.7,Education
Taruna Ramessur,1.3,,4.3,Economics
Faye Murrin,3.9,,2.9,Biology
Lionel Brits,2.8,,4.0,Physics
Graham Layne,4.9,,2.0,Earth Science
Terry Hussey,4.7,,2.2,Business
Michael Temelini,4.0,,2.4,Political Science
Peggy Daly,3.1,,2.9,Nursing
Ashley Clarke,1.8,,2.2,Spanish
Gennita Bartlett,3.0,,3.3,Education
Ratana Chuenpagdee,5.0,,2.0,Geography
Jonathan Parsons,4.8,,3.8,English
Greg O'Leary,4.8,,2.8,Education
Fred Hawksley,3.5,,2.5,Education
Chris Mattatall,3.8,,2.3,Education
Diane Tye,4.0,,2.4,Folklore
Kerry Park,4.8,,2.0,Mathematics
Gregory Goff,1.5,,5.0,Biology
Sheila Penton,5.0,,1.3,Mathematics
Roseanne Furey,4.8,,2.0,Mathematics
George Jenner,2.6,,3.8,Earth Science
Amy Butt,4.4,,2.7,Physical Education
Jean-Marc Lemelin,2.1,,3.6,Languages
Eric Njabon,2.9,,2.5,Physics
Elizabeth Lane,3.5,,2.3,Business
Patricia Canning,2.3,,2.5,Education
Sandra MacDonald,4.3,,2.4,Nursing
Lynn Cooze,4.4,,2.8,Nursing
Cindy Murray,4.1,,2.0,Nursing
Virginia Fugarino,4.0,,2.1,Folklore
Louise Dawe,3.1,,2.8,History
Amy Hsiao,2.7,,3.6,Engineering
David Peters,3.1,,3.3,Sociology
Michelle Kilborn,2.0,,4.3,Physical Education
Hans Rollmann,4.4,,2.1,Theology
Ken Barter,2.4,,3.8,Social Work
Andrea Brennan-Hunter,3.7,,2.7,Nursing
Noel Hurley,3.9,,1.8,Education
Michael Hinchey,3.9,,2.4,Engineering
Elaine Dodge,3.4,,2.7,Biochemistry
Sarah Anthony,4.8,,1.3,Business
MU LI,2.8,,2.3,Folklore
Alex Faseruk,4.5,,3.2,Business
Kathryn Dupre,4.7,,2.1,Business
Devine Mike,4.0,,3.0,Social Work
Leslie Philips,2.3,,4.5,Pharmacy
Lianne Leddy,5.0,,2.1,History
Jacob McLean,5.0,,1.0,Education
Jean Brown,3.8,,3.2,Education
Elizabeth Deboer-Ashworth,3.7,,1.8,Political Science
Christopher Sharpe,3.7,,3.3,Geography
Akhil Deshpandey,5.0,,1.0,Medicine
David Thompson,4.4,,2.3,Chemistry
Heather Lee Joyce,4.5,,2.0,Business
Jacqueline O'Rourke,3.9,,3.0,English
Francesca Boschetti,4.0,,1.0,English
Dr. J. Garland,3.1,,2.7,Not Specified
Amanda Tiller,3.7,,1.6,English
Deborah Hatfield Moore,3.3,,3.7,History
Aileen MacDonald,2.8,,2.8,Languages
Peter Chen,4.3,,2.6,Computer Science
Miriam Anderson,4.0,,2.8,Political Science
Sue Mandville-Anstey,2.0,,5.0,Nursing
David Innis,2.4,,3.2,Science
Paul Gillard,3.4,,4.1,Computer Science
Luize Hermanutz,2.6,,3.1,Science
Anne Storey,4.6,,2.3,Science
Faith Balisch,4.1,,2.9,English
Leonard Carson,4.0,,3.1,Mathematics
Meaghan Maddigan,3.8,,2.6,Kinesiology
Margret Brosnan,3.3,,3.7,Chemistry
Robert Lewis,4.0,,1.0,Sociology
Stella Algoo-Baksh,2.2,,4.4,English
Jason Treberg,1.2,,4.1,Biology
Andrea Procter,4.9,,1.2,Anthropology
Meagan MacKenzie,5.0,,1.9,Psychology
Kerry Hatfield,4.7,,3.0,Business
Darren Hynes,2.8,,2.3,History
Chantal Jordaan,3.2,,3.7,Languages
Sarah Rose,4.3,,2.5,Languages
Cao An Wang,1.2,,3.5,Computer Science
Virginia Grant,4.8,,2.6,Psychology
Faith Balish,2.8,,3.8,English
Micheal Doyle,4.1,,2.3,Psychology
Susan Cohlmeyer,3.1,,3.2,Business
Shu Zhang,3.8,,2.0,Mathematics
Tony Joyce,2.5,,3.5,Business
Neil Bishop,3.5,,2.8,Languages
Christopher Youe,3.7,,3.2,History
John Lewis,4.0,,3.7,Physics
Antoinette Fekete,4.3,,2.3,German
Natalie Salawinsky,4.5,,2.7,Business
Bill Kavanagh,2.8,,3.5,Physics
Joseph Byrne,3.6,,3.1,English
Anne Morris,3.5,,2.6,Social Science
Sudhir Saha,2.6,,3.6,Business
Hu Liu,3.4,,2.8,Pharmacy
Kenneth Forward,4.7,,1.7,Health & Wellness
Ian Hayes,1.8,,3.7,Music
Martin Ordonez,4.2,,3.7,Engineering
Haifeng Song,3.0,,1.0,Mathematics
Mohammed Alkhunaizi,3.0,,3.0,Kinesiology
Alexandra Gilbert,3.8,,4.0,Not Specified
ED Andrews,3.0,,1.0,Biology
Xiang-Sheng Wang,4.5,,1.5,Mathematics
Robert Sweeny,1.3,,3.3,Classics
Beth Humber,3.8,,3.3,English
. Sherrick,3.8,,3.3,Psychology
Debbie Maddalena,5.0,,2.0,Nursing
Michael Austin,2.8,,3.7,Religious Studies
Stacey Wareham,4.2,,2.0,Psychology
Amelia Fay,4.5,,1.7,Archaeology
Polina Zheglova,1.9,,4.3,Mathematics
Jay Wood,4.8,,2.3,Psychology
Joan Crane,5.0,,1.0,Medicine
Suzan Ingersoll,2.3,,4.1,English
Karen Smith,4.1,,2.8,Nursing
Thomas Humphries,2.5,,3.3,Mathematics
Jeremy Hall,3.4,,3.1,Science
Steven Keller,2.2,,3.7,Political Science
Karen Snow,2.8,,3.7,History
Mary Bursey,3.7,,2.8,Nursing
Ashley Healey,5.0,,2.9,Nursing
Dennis Peters,3.1,,3.5,Engineering
Amber Porter,3.3,,2.8,Classics
Claire Rice,4.3,,3.4,Languages
Peter Ayers,3.2,,2.7,English
Dwight Hutchens,3.8,,2.0,Business
M Tate,3.4,0,2.8,Anthropology
Lindsay Bryan,4.2,,2.9,History
Alvin Simms,2.4,,3.9,Geography
Mary Kelsey,4.0,,2.0,Education
Jennifer Anderson,4.3,,2.5,Education
Nancy Dawe,5.0,,2.0,Music
Beth Maddigan,5.0,,1.0,Education
Krishnamurthy Vidyasankar,2.5,,3.7,Computer Science
Elaine Kufudi,3.0,,2.8,Education
Barry Hicks,4.4,,2.6,Biology
Johansen Thromod,4.8,,1.8,Engineering
Anna Stahlhofen,4.0,,2.0,German
Siwei Lu,2.7,,2.7,Computer Science
David Heeley,3.4,,3.5,Science
Jennifer Bourne,4.5,,2.0,Physical Education
Rui Peng,2.7,,2.2,Mathematics
Jennifer Godfrey Anderson,5.0,,2.0,Education
Doug Gorman,2.8,,2.8,Business
Ralf Bachmayer,5.0,,2.0,Engineering
Manish Verma,4.2,,3.3,Business
Amanda Crompton,4.8,,2.5,Archaeology
Mark Humphries,4.1,,3.0,History
Maryam Etezad,4.5,,2.0,Engineering
George Cummins,2.7,,4.0,Business
Shawn Kenny,4.5,,2.3,Engineering
Edgar G. Goodaire,3.1,,3.7,Mathematics
Kathy Henderson,4.1,,3.5,Education
Roberta Hammett,1.9,,4.3,Education
Rodolphe Devillers,3.0,,3.3,Geography
Paris Georghiou,2.6,,3.7,Science
Susan Ingersoll,3.3,,4.0,English
Luke O'Brein,5.0,,1.0,Business
Kati Agocs,4.0,,2.1,Music
Jean-Sebastien MacAdam,4.5,,2.0,French
Tom Gordon,2.5,,4.0,Music
Mary Dwyer,3.8,,4.2,Nursing
Geoffrey Monteith,4.0,,2.0,Business
Theresa M. Ricketts,4.9,,2.0,Mathematics
Graeme Soper,5.0,,1.2,Chemistry
Kathleen Brophy,4.6,,2.4,Nursing
Elena Hannah,3.4,,2.6,Psychology
Douglas Dunsmore,2.9,,3.3,Music
John Mannion,2.8,,3.4,Geography
Gerard Martin,3.5,,2.9,Psychology
Heather Ward,3.3,,1.7,Geography
Beatrice Frank,4.8,,1.0,Geography
Sue Ghazala,1.7,,2.8,Science
Jennifer Thorburn,4.6,,1.3,Linguistics
Jason Caslor,5.0,,3.0,Music
A Rose,2.0,,4.0,Music
Judy Moody,3.6,,2.7,Nursing
Ellen Oliver,3.2,,4.2,Social Work
Neil Gall,4.5,,2.0,Business
Kate Bride,5.0,,2.3,Women's Studies
Paul Hamilton,3.4,,3.0,Business
Heather Skanes,3.7,,2.5,Business
Stuart Brown,3.3,,3.5,Anthropology
Alexey Gordienko,1.4,,4.4,Mathematics
Peter Mezo,2.6,,2.6,Psychology
L.K. Thompson,3.1,,3.3,Science
Tanya Jugan,4.5,,2.0,French
Mark Andrews,4.9,,2.6,Business
Scott Reid,4.3,,2.7,Political Science
David Close,3.1,,3.4,Political Science
Carolyn Lambert,3.5,,3.2,History
Sergey Sadov,2.6,,3.4,Mathematics
Maudie Whelan,2.1,,3.7,History
Jim Black,4.2,,3.3,Languages
Michael Bruce-Lockhart,4.1,,2.5,Engineering
Jean Guthrie,3.2,,3.6,English
K.S. Kim,2.0,,2.9,Education
Jim Overton,3.8,,2.5,Social Science
Todd Aughey,4.0,,2.7,Physical Ed
Eugene Tsoa,3.9,,3.0,Economics
Walter Peddle,3.1,,1.9,Not Specified
Rob Power,5.0,,2.3,Music
Corey K. Snook,2.8,,2.3,German
Myrtis Guy,2.5,,2.5,Education
Barbara Roebothan,3.8,,3.5,Biochemistry
Peter Tobin,4.0,,2.0,Engineering
Erica Prichett,3.3,,2.0,Physical Education
Gillian Levene,4.8,,2.0,English
Qasem Al-Mdallal,4.5,,2.5,Mathematics
Ann Martin,1.0,,4.0,Education
Vicki Tagore,2.0,,2.5,Mathematics
Brian Sand,3.5,,2.5,Music
Daniel Haile,2.0,,2.0,Economics
Malgosia Zuberek,2.6,,3.8,Computer Science
Paul Bendzsa,2.3,,4.1,Music
Maureen Dymond,5.0,,1.6,Languages
Debra Spurvey,2.0,,4.0,History
Hesham Marzouk,3.9,,3.3,Engineering
Raj Gupta,2.1,,4.1,Business
Dion Hicks,5.0,,1.0,Engineering
Zhuang Niu,2.3,,4.5,Mathematics
Graham MacDonald,2.0,,3.5,Physical Education
Sue Hart,3.5,,3.6,Business
Dean Jacobs,4.3,,2.0,Business
Donna Moralejo,4.1,,3.6,Health Science
R Hooper,3.5,,2.5,Science
Karene Tweedie,3.8,,2.7,Nursing
Carol Harding,2.7,,4.4,Biology
Wayne Nesbit,4.7,,2.5,Education
Helen Ball,2.5,,3.2,Social Work
Tracy Swan,3.8,,2.5,Social Work
Ian Duffett,4.5,,1.7,Business
John Wang,1.0,,5.0,Engineering
Heather Hair,4.5,,3.0,Social Work
Wei Sun,5.0,,3.0,Mathematics
Susan Gardiner,3.9,,2.8,Business
Peter Deal,5.0,,2.0,Mathematics
Mildred Cahill,4.0,,2.6,Education
Ajit Bedi,4.2,,2.5,Education
Albin Girardin,4.1,,2.7,French
Bruce Burton,4.8,,2.2,Education
Gregory Gan,3.0,,3.0,Anthropology
Leonard Lye,3.9,,2.8,Engineering
John Tucker,3.8,,2.6,Marine Sciences
Emily Urquhart,4.5,,2.0,Folklore
Lynda Daneliuk,5.0,,1.0,Folklore
Nicholas Hartmann,4.5,,1.0,Folklore
Christine Arlett,2.0,,3.9,Psychology
Jackie Lake-Kavanagh,3.9,,2.0,Criminal Justice
Richard MacLeod,5.0,,3.0,Mathematics
Dennis Kimberely,3.8,,1.8,Social Work
Kelly Vodden,4.4,,2.7,Geography
Maria Myre,5.0,,4.0,German
Maria Myar,5.0,,3.0,German
Sean Clark,3.3,,3.2,Political Science
Trevor Bell,3.5,,3.6,Geography
Karyn G. Butler,3.8,,2.6,Geography
Dwight Hutching,4.3,,2.5,Business
Solène Vidal,3.8,,1.7,French
Marlene Hooper,4.8,,3.0,Science
Mark Anderson,4.0,,2.4,English
Francois Hoccry,4.1,,2.3,French
Aaron Hodgson,4.7,,3.3,Music
Frederick Smith,3.4,,2.0,Science
Henry Andrews,3.1,,3.4,Mathematics
Marie Rowe,2.8,,2.3,Mathematics
Samuel Martin,4.7,,3.0,English
Matthew Kerby,3.5,,3.3,Political Science
Sherri Galvine,3.5,,3.0,Business
Adam Courage,3.0,,1.0,Engineering
Ron Schwartz,3.4,,2.7,Social Science
Jeff Howard,3.8,,2.0,Business
Heather White,3.6,,3.1,Education
Brenda Tobin,3.1,,4.1,Nursing
Sean Clarke,3.6,,3.0,Political Science
Frank O''Brien,5.0,,1.0,Political Science
. Ckou,3.9,,1.8,Mathematics
M.A. Rahman,3.3,,3.5,Engineering
Rob Shea,5.0,,3.0,Education
Patricia Wells,4.8,,1.3,Archaeology
Alexandra Makretsova,4.0,,2.4,Russian
Fang Wang,2.5,,3.3,Engineering
Mike Deal,4.1,,2.6,Archaeology
Mike Matthews,2.5,,3.0,Folklore
Geraldine Walsh,5.0,,1.0,Mathematics
Kathleen Murphy,1.0,,5.0,Education
Donna Bulman,2.3,,3.0,Nursing
Andrew Latus,4.0,,2.9,Philosophy
Benjamin Jeyasurya,2.6,,2.9,Engineering
Fereidoon Shahidi,3.4,,2.6,Science
Janice Tulk,3.7,,2.6,Music
Mona Beebe,2.3,,2.7,Education
Debbie Armstrong,2.5,,2.5,Education
Gordon Ralph,2.3,,3.3,Education
James Bradley,4.2,,3.3,Philosophy
Christine Abbott,3.8,,2.3,Sociology
Bert Rose,3.6,,2.7,Psychology
Susan Myrden,3.6,,3.2,Business
Tina Maloney,4.8,,2.5,French
Andrew Staniland,5.0,,2.0,Music
Vivien Kuester,3.1,,3.7,Physical Ed
Robert Hausotte,3.8,,2.3,German
Anna Brophy,2.3,,4.7,Business
Nils Fischer,4.1,,1.5,German
Chandrika Liyanapathirana,2.9,,2.7,Biology
Stephen Wall,4.2,,2.7,Folklore
Denise Chant,5.0,,2.0,Nursing
Susan McNicholas,3.1,,2.7,Science
. Preston,4.1,,2.3,Business
Ray Penney,2.9,,2.9,Psychology
Raymond Neckoway,5.0,,1.0,Social Work
Annie Jalbert,5.0,,2.0,Psychology
Edward Bezzina,5.0,,2.0,History
Alex Ambrozic,4.5,,2.8,English
Edward Wilding,4.6,,2.8,Languages
Karen Daley,2.3,,3.7,Business
Lenora Perry,2.3,,1.6,Elementary Education
Colin Higgs,3.9,,2.5,Physical Ed
Hyma Nadu,2.6,,3.1,Chemistry
Mohammadkheer Al-Jararha,4.3,,1.0,Mathematics
Lois Bateman,3.5,,4.0,Biology
Steven Johnstone,3.6,,3.8,Computer Science
John Shirokoff,2.9,,2.6,Engineering
Gary Quinlan,3.8,,2.4,Geology
Mohammed Ali,4.7,,1.8,Mathematics
Cheng Li,4.0,,3.2,Engineering
Martin Plumer,2.5,,3.0,Physics
George Mammem,4.2,,2.3,Physical Education
Jillian Allison,4.6,,2.2,Anthropology
Susan Iingersoll,3.0,,4.0,English
Rita Anderson,1.7,,4.1,Psychology
Tiffany Johnstone,3.9,,3.8,English
Ryan Symes,4.6,,1.3,Kinesiology
Stephanie Mandville,5.0,,2.0,Business
Dave Dibbon,5.0,,3.0,Education
David N. Bell,4.6,,2.9,Theology
Robert Hollett,3.5,,2.2,English
Richard Niefer,4.5,,2.8,Engineering
Danielle Ryder,4.5,,2.0,Sociology
Ronald Rompkey,3.0,,3.0,English
Jacquline Walsh,4.6,,1.8,Business
Jean-Marc Lemlin,1.8,,4.4,French
David Orr,4.7,,1.6,Criminal Justice
Brian Roberts,1.4,,3.7,Music
Scott Jamieson,2.5,,3.3,Languages
Mohamed Jaouher,4.0,,2.5,French
Maureen Volk,4.8,,2.8,Music
Vicki Greenslade,3.9,,3.5,Nursing
Stephen Wolinetz,3.1,,2.9,Political Science
Min Chen,4.5,,2.0,Mathematics
Marie Wadden,5.0,,2.0,English
John Scott,4.5,,2.6,Philosophy
Leanne Petherick,2.1,,3.1,Kinesiology
L Vecchi,4.3,,2.9,English
Stella Bakesh,4.0,,3.0,English
Danielle Devereaux,4.6,,1.8,Women's Studies
Suraj Wadhawan,3.4,,3.6,Engineering
Dariusz Derenioswki,1.9,,4.1,Mathematics
Mark Wilson,3.8,,3.1,Science
Jolanta Lagowski,1.7,,3.0,Physics
Shu-Lun Wong,2.1,,4.0,Business
David Stewart,4.4,,2.3,Business
Bud Hulan,2.2,,2.0,Science
William Kavanagh,5.0,,2.0,Physics
Amy Todd,4.5,,2.0,Biology
Michael Wallack,3.1,,2.8,Political Science
Nathalie Vanasee,3.4,,2.8,Science
William Driedzic,5.0,,3.0,Biology
Kimberley Mullins,3.8,,1.5,Political Science
Jill Brewer,3.6,,2.2,Physical Ed
Candice Francois,4.5,,2.0,French
Janet Dicks,2.2,,2.4,Business
Natalie Oman,4.3,,3.3,Philosophy
Marilyn Jacobs,2.9,,3.7,Nursing
Daruisz Dereniowski,1.9,,3.5,Mathematics
Wilf Nichol,4.9,,2.7,Biology
Andy Fisher,4.7,,2.8,Mechanical Engineering
Crompton Amanda,4.5,,3.5,Anthropology
Geert Van Biesen,4.5,,3.0,Chemistry
Nancy Sullivan,2.9,,2.6,Social Science
Carol Goodman,4.5,,2.6,English
Julia Kortmann,4.4,,2.3,German
Franca Smith,5.0,,3.0,History
Rachel Dupuis,2.5,,5.0,Business
Terry Carlson,4.8,,2.5,Political Science
Mary Cameron,4.5,,2.0,Education
John Whitehead,3.9,,3.0,Science
Shane Fitzgerald,4.5,,2.1,Languages
Catherine E. Bride,4.6,,1.9,Women's Studies
Matthew Walsh,5.0,,1.0,Music
Gordon Jones,4.6,,2.6,English
Vit Bubenik,3.0,,3.8,Linguistics
Brid Falconer,3.5,,1.0,Linguistics
Dario Cappa,3.0,,4.0,Kinesiology
Michael Parmenter,4.8,,2.0,Mathematics
Peter Boswell,3.9,,2.9,Political Science
A Stafford,3.7,,3.3,Philosophy
Anne Lilly,4.6,,2.9,Nursing
Justin Mellor,4.1,,2.8,Law
Bruce Watson,3.7,,3.4,Mathematics
Daniel Horsley,4.8,,1.0,Mathematics
Willis Jacobs,3.2,,3.1,Education
Kathy Duarte,2.3,,3.6,Spanish
James Cooze,4.5,,1.0,Business
Dennis Ioffe,4.0,,3.0,Russian
R Hoover,2.7,,4.1,Chemistry
Lou-Ann Kelly,2.0,,4.0,Nursing
Parag Jani,4.3,,1.2,Special Education
Jason McGraw,2.3,,3.6,Mathematics
Mary Fahey,3.6,,2.4,Elementary Education
Hannah Czeschinski,3.3,,3.0,German
Rob Davidson,4.4,,2.6,English
Harry Bown,4.5,,2.0,Education
Fida Moh'D,3.6,,2.6,Mathematics
Susan Steen,2.6,,2.9,Archaeology
Christophe Dos Santos,2.6,,2.8,Linguistics
Robert Lawson,4.6,,1.8,German
Daniel Bourgault,3.9,,2.8,Physics
Trevor Bridger,3.8,,2.3,History
David Chafe,4.7,,2.5,Music
Jean Finney-Crawley,4.8,,2.7,Science
Lawerence Felt,4.5,,2.3,Sociology
Antony Card,4.7,,1.8,Kinesiology
Blayre Martin,4.5,,2.0,Kinesiology
Anne Marie Tracey,4.6,,3.0,Nursing
